FREQ,REF_AREA,TIME_PERIOD,OBS_VALUE,OBS_STATUS,OBS_CONF
M,AU,2009-09,3,A,F
M,AU,2009-10,3.25,A,F
M,AU,2009-11,3.5,A,F
M,AU,2009-12,3.75,A,F
M,AU,2010-01,3.75,A,F
M,AU,2010-02,3.75,A,F
M,AU,2010-03,4,A,F
M,AU,2010-04,4.25,A,F
M,AU,2010-05,4.5,A,F
M,AU,2010-06,4.5,A,F
M,AU,2010-07,4.5,A,F
M,AU,2010-08,4.5,A,F
M,AU,2010-09,4.5,A,F
M,AU,2010-10,4.5,A,F
M,AU,2010-11,4.75,A,F
M,AU,2010-12,4.75,A,F
M,AU,2011-01,4.75,A,F
M,AU,2011-02,4.75,A,F
M,AU,2011-03,4.75,A,F
M,AU,2011-04,4.75,A,F
M,AU,2011-05,4.75,A,F
M,AU,2011-06,4.75,A,F
M,AU,2011-07,4.75,A,F
M,AU,2011-08,4.75,A,F
M,AU,2011-09,4.75,A,F
M,AU,2011-10,4.75,A,F
M,AU,2011-11,4.5,A,F
M,AU,2011-12,4.25,A,F
M,AU,2012-01,4.25,A,F
M,AU,2012-02,4.25,A,F
M,AU,2012-03,4.25,A,F
M,AU,2012-04,4.25,A,F
M,AU,2012-05,3.75,A,F
M,AU,2012-06,3.5,A,F
M,AU,2012-07,3.5,A,F
M,AU,2012-08,3.5,A,F
M,AU,2012-09,3.5,A,F
M,AU,2012-10,3.25,A,F
M,AU,2012-11,3.25,A,F
M,AU,2012-12,3,A,F
M,AU,2013-01,3,A,F
M,AU,2013-02,3,A,F
M,AU,2013-03,3,A,F
M,AU,2013-04,3,A,F
M,AU,2013-05,2.75,A,F
M,AU,2013-06,2.75,A,F
M,AU,2013-07,2.75,A,F
M,AU,2013-08,2.5,A,F
M,AU,2013-09,2.5,A,F
M,AU,2013-10,2.5,A,F
M,AU,2013-11,2.5,A,F
M,AU,2013-12,2.5,A,F
M,AU,2014-01,2.5,A,F
M,AU,2014-02,2.5,A,F
M,AU,2014-03,2.5,A,F
M,AU,2014-04,2.5,A,F
M,AU,2014-05,2.5,A,F
M,AU,2014-06,2.5,A,F
M,AU,2014-07,2.5,A,F
M,AU,2014-08,2.5,A,F
M,AU,2014-09,2.5,A,F
M,AU,2014-10,2.5,A,F
M,AU,2014-11,2.5,A,F
M,AU,2014-12,2.5,A,F
M,AU,2015-01,2.5,A,F
M,AU,2015-02,2.25,A,F
M,AU,2015-03,2.25,A,F
M,AU,2015-04,2.25,A,F
M,AU,2015-05,2,A,F
M,AU,2015-06,2,A,F
M,AU,2015-07,2,A,F
M,AU,2015-08,2,A,F
M,AU,2015-09,2,A,F
M,AU,2015-10,2,A,F
M,AU,2015-11,2,A,F
M,AU,2015-12,2,A,F
M,AU,2016-01,2,A,F
M,AU,2016-02,2,A,F
M,AU,2016-03,2,A,F
M,AU,2016-04,2,A,F
M,AU,2016-05,1.75,A,F
M,AU,2016-06,1.75,A,F
M,AU,2016-07,1.75,A,F
M,AU,2016-08,1.5,A,F
M,AU,2016-09,1.5,A,F
M,AU,2016-10,1.5,A,F
M,AU,2016-11,1.5,A,F
M,AU,2016-12,1.5,A,F
M,AU,2017-01,1.5,A,F
M,AU,2017-02,1.5,A,F
M,AU,2017-03,1.5,A,F
M,AU,2017-04,1.5,A,F
M,AU,2017-05,1.5,A,F
M,AU,2017-06,1.5,A,F
M,AU,2017-07,1.5,A,F
M,AU,2017-08,1.5,A,F
M,AU,2017-09,1.5,A,F
M,AU,2017-10,1.5,A,F
M,AU,2017-11,1.5,A,F
M,AU,2017-12,1.5,A,F
M,AU,2018-01,1.5,A,F
M,AU,2018-02,1.5,A,F
M,AU,2018-03,1.5,A,F
M,AU,2018-04,1.5,A,F
M,AU,2018-05,1.5,A,F
M,AU,2018-06,1.5,A,F
M,AU,2018-07,1.5,A,F
M,AU,2018-08,1.5,A,F
M,AU,2018-09,1.5,A,F
M,AU,2018-10,1.5,A,F
M,AU,2018-11,1.5,A,F
M,AU,2018-12,1.5,A,F
M,AU,2019-01,1.5,A,F
M,AU,2019-02,1.5,A,F
M,AU,2019-03,1.5,A,F
M,AU,2019-04,1.5,A,F
M,AU,2019-05,1.5,A,F
M,AU,2019-06,1.25,A,F
M,AU,2019-07,1,A,F
M,AU,2019-08,1,A,F
M,AU,2019-09,1,A,F
M,AU,2019-10,0.75,A,F
M,AU,2019-11,0.75,A,F
M,AU,2019-12,0.75,A,F
M,AU,2020-01,0.75,A,F
M,AU,2020-02,0.75,A,F
M,AU,2020-03,0.25,A,F
M,AU,2020-04,0.25,A,F
M,AU,2020-05,0.25,A,F
M,AU,2020-06,0.25,A,F
M,AU,2020-07,0.25,A,F
M,AU,2020-08,0.25,A,F
M,AU,2020-09,0.25,A,F
M,AU,2020-10,0.25,A,F
M,AU,2020-11,0.1,A,F
M,AU,2020-12,0.1,A,F
M,AU,2021-01,0.1,A,F
M,AU,2021-02,0.1,A,F
M,AU,2021-03,0.1,A,F
M,AU,2021-04,0.1,A,F
M,AU,2021-05,0.1,A,F
M,AU,2021-06,0.1,A,F
M,AU,2021-07,0.1,A,F
M,AU,2021-08,0.1,A,F
M,AU,2021-09,0.1,A,F
M,AU,2021-10,0.1,A,F
M,AU,2021-11,0.1,A,F
M,AU,2021-12,0.1,A,F
M,AU,2022-01,0.1,A,F
M,AU,2022-02,0.1,A,F
M,AU,2022-03,0.1,A,F
M,AU,2022-04,0.1,A,F
M,AU,2022-05,0.35,A,F
M,AU,2022-06,0.85,A,F
M,AU,2022-07,1.35,A,F
M,AU,2022-08,1.85,A,F
M,AU,2022-09,2.35,A,F
M,AU,2022-10,2.6,A,F
M,AU,2022-11,2.85,A,F
M,AU,2022-12,3.1,A,F
M,AU,2023-01,3.1,A,F
M,AU,2023-02,3.35,A,F
M,AU,2023-03,3.6,A,F
M,AU,2023-04,3.6,A,F
M,AU,2023-05,3.85,A,F
M,AU,2023-06,4.1,A,F
M,AU,2023-07,4.1,A,F
M,AU,2023-08,4.1,A,F
M,AU,2023-09,4.1,A,F
M,AU,2023-10,4.1,A,F
M,AU,2023-11,4.35,A,F
M,AU,2023-12,4.35,A,F
M,AU,2024-01,4.35,A,F
M,AU,2024-02,4.35,A,F
M,AU,2024-03,4.35,A,F
M,AU,2024-04,4.35,A,F
M,AU,2024-05,4.35,A,F
M,AU,2024-06,4.35,A,F
M,AU,2024-07,4.35,A,F
M,AU,2024-08,4.35,A,F
M,AU,2024-09,4.35,A,F
M,AU,2024-10,4.35,A,F
M,AU,2024-11,4.35,A,F
M,AU,2024-12,4.35,A,F
M,AU,2025-01,4.35,A,F
M,AU,2025-02,4.1,A,F
M,AU,2025-03,4.1,A,F
M,AU,2025-04,4.1,A,F
M,AU,2025-05,3.85,A,F
M,AU,2025-06,3.85,A,F
M,AU,2025-07,3.85,A,F
M,AU,2025-08,3.6,A,F
M,AU,2025-09,3.6,A,F
M,AU,2025-10,3.6,A,F
M,AU,2025-11,3.6,A,F
M,AU,2025-12,3.6,A,F
M,AU,2026-01,3.6,A,F
M,AU,2026-02,3.85,A,F
M,AU,2026-03,4.1,A,F
M,AU,2026-04,4.1,A,F
M,AU,2026-05,4.35,A,F
M,AU,2026-06,4.35,A,F
M,AU,2026-07,4.35,A,F
M,AU,2026-08,4.35,A,F
M,CA,2009-09,0.25,A,F
M,CA,2009-10,0.25,A,F
M,CA,2009-11,0.25,A,F
M,CA,2009-12,0.25,A,F
M,CA,2010-01,0.25,A,F
M,CA,2010-02,0.25,A,F
M,CA,2010-03,0.25,A,F
M,CA,2010-04,0.25,A,F
M,CA,2010-05,0.25,A,F
M,CA,2010-06,0.5,A,F
M,CA,2010-07,0.75,A,F
M,CA,2010-08,0.75,A,F
M,CA,2010-09,1,A,F
M,CA,2010-10,1,A,F
M,CA,2010-11,1,A,F
M,CA,2010-12,1,A,F
M,CA,2011-01,1,A,F
M,CA,2011-02,1,A,F
M,CA,2011-03,1,A,F
M,CA,2011-04,1,A,F
M,CA,2011-05,1,A,F
M,CA,2011-06,1,A,F
M,CA,2011-07,1,A,F
M,CA,2011-08,1,A,F
M,CA,2011-09,1,A,F
M,CA,2011-10,1,A,F
M,CA,2011-11,1,A,F
M,CA,2011-12,1,A,F
M,CA,2012-01,1,A,F
M,CA,2012-02,1,A,F
M,CA,2012-03,1,A,F
M,CA,2012-04,1,A,F
M,CA,2012-05,1,A,F
M,CA,2012-06,1,A,F
M,CA,2012-07,1,A,F
M,CA,2012-08,1,A,F
M,CA,2012-09,1,A,F
M,CA,2012-10,1,A,F
M,CA,2012-11,1,A,F
M,CA,2012-12,1,A,F
M,CA,2013-01,1,A,F
M,CA,2013-02,1,A,F
M,CA,2013-03,1,A,F
M,CA,2013-04,1,A,F
M,CA,2013-05,1,A,F
M,CA,2013-06,1,A,F
M,CA,2013-07,1,A,F
M,CA,2013-08,1,A,F
M,CA,2013-09,1,A,F
M,CA,2013-10,1,A,F
M,CA,2013-11,1,A,F
M,CA,2013-12,1,A,F
M,CA,2014-01,1,A,F
M,CA,2014-02,1,A,F
M,CA,2014-03,1,A,F
M,CA,2014-04,1,A,F
M,CA,2014-05,1,A,F
M,CA,2014-06,1,A,F
M,CA,2014-07,1,A,F
M,CA,2014-08,1,A,F
M,CA,2014-09,1,A,F
M,CA,2014-10,1,A,F
M,CA,2014-11,1,A,F
M,CA,2014-12,1,A,F
M,CA,2015-01,0.75,A,F
M,CA,2015-02,0.75,A,F
M,CA,2015-03,0.75,A,F
M,CA,2015-04,0.75,A,F
M,CA,2015-05,0.75,A,F
M,CA,2015-06,0.75,A,F
M,CA,2015-07,0.5,A,F
M,CA,2015-08,0.5,A,F
M,CA,2015-09,0.5,A,F
M,CA,2015-10,0.5,A,F
M,CA,2015-11,0.5,A,F
M,CA,2015-12,0.5,A,F
M,CA,2016-01,0.5,A,F
M,CA,2016-02,0.5,A,F
M,CA,2016-03,0.5,A,F
M,CA,2016-04,0.5,A,F
M,CA,2016-05,0.5,A,F
M,CA,2016-06,0.5,A,F
M,CA,2016-07,0.5,A,F
M,CA,2016-08,0.5,A,F
M,CA,2016-09,0.5,A,F
M,CA,2016-10,0.5,A,F
M,CA,2016-11,0.5,A,F
M,CA,2016-12,0.5,A,F
M,CA,2017-01,0.5,A,F
M,CA,2017-02,0.5,A,F
M,CA,2017-03,0.5,A,F
M,CA,2017-04,0.5,A,F
M,CA,2017-05,0.5,A,F
M,CA,2017-06,0.5,A,F
M,CA,2017-07,0.75,A,F
M,CA,2017-08,0.75,A,F
M,CA,2017-09,1,A,F
M,CA,2017-10,1,A,F
M,CA,2017-11,1,A,F
M,CA,2017-12,1,A,F
M,CA,2018-01,1.25,A,F
M,CA,2018-02,1.25,A,F
M,CA,2018-03,1.25,A,F
M,CA,2018-04,1.25,A,F
M,CA,2018-05,1.25,A,F
M,CA,2018-06,1.25,A,F
M,CA,2018-07,1.5,A,F
M,CA,2018-08,1.5,A,F
M,CA,2018-09,1.5,A,F
M,CA,2018-10,1.75,A,F
M,CA,2018-11,1.75,A,F
M,CA,2018-12,1.75,A,F
M,CA,2019-01,1.75,A,F
M,CA,2019-02,1.75,A,F
M,CA,2019-03,1.75,A,F
M,CA,2019-04,1.75,A,F
M,CA,2019-05,1.75,A,F
M,CA,2019-06,1.75,A,F
M,CA,2019-07,1.75,A,F
M,CA,2019-08,1.75,A,F
M,CA,2019-09,1.75,A,F
M,CA,2019-10,1.75,A,F
M,CA,2019-11,1.75,A,F
M,CA,2019-12,1.75,A,F
M,CA,2020-01,1.75,A,F
M,CA,2020-02,1.75,A,F
M,CA,2020-03,0.25,A,F
M,CA,2020-04,0.25,A,F
M,CA,2020-05,0.25,A,F
M,CA,2020-06,0.25,A,F
M,CA,2020-07,0.25,A,F
M,CA,2020-08,0.25,A,F
M,CA,2020-09,0.25,A,F
M,CA,2020-10,0.25,A,F
M,CA,2020-11,0.25,A,F
M,CA,2020-12,0.25,A,F
M,CA,2021-01,0.25,A,F
M,CA,2021-02,0.25,A,F
M,CA,2021-03,0.25,A,F
M,CA,2021-04,0.25,A,F
M,CA,2021-05,0.25,A,F
M,CA,2021-06,0.25,A,F
M,CA,2021-07,0.25,A,F
M,CA,2021-08,0.25,A,F
M,CA,2021-09,0.25,A,F
M,CA,2021-10,0.25,A,F
M,CA,2021-11,0.25,A,F
M,CA,2021-12,0.25,A,F
M,CA,2022-01,0.25,A,F
M,CA,2022-02,0.25,A,F
M,CA,2022-03,0.5,A,F
M,CA,2022-04,1,A,F
M,CA,2022-05,1,A,F
M,CA,2022-06,1.5,A,F
M,CA,2022-07,2.5,A,F
M,CA,2022-08,2.5,A,F
M,CA,2022-09,3.25,A,F
M,CA,2022-10,3.75,A,F
M,CA,2022-11,3.75,A,F
M,CA,2022-12,4.25,A,F
M,CA,2023-01,4.5,A,F
M,CA,2023-02,4.5,A,F
M,CA,2023-03,4.5,A,F
M,CA,2023-04,4.5,A,F
M,CA,2023-05,4.5,A,F
M,CA,2023-06,4.75,A,F
M,CA,2023-07,5,A,F
M,CA,2023-08,5,A,F
M,CA,2023-09,5,A,F
M,CA,2023-10,5,A,F
M,CA,2023-11,5,A,F
M,CA,2023-12,5,A,F
M,CA,2024-01,5,A,F
M,CA,2024-02,5,A,F
M,CA,2024-03,5,A,F
M,CA,2024-04,5,A,F
M,CA,2024-05,5,A,F
M,CA,2024-06,4.75,A,F
M,CA,2024-07,4.5,A,F
M,CA,2024-08,4.5,A,F
M,CA,2024-09,4.25,A,F
M,CA,2024-10,3.75,A,F
M,CA,2024-11,3.75,A,F
M,CA,2024-12,3.25,A,F
M,CA,2025-01,3,A,F
M,CA,2025-02,3,A,F
M,CA,2025-03,2.75,A,F
M,CA,2025-04,2.75,A,F
M,CA,2025-05,2.75,A,F
M,CA,2025-06,2.75,A,F
M,CA,2025-07,2.75,A,F
M,CA,2025-08,2.75,A,F
M,CA,2025-09,2.5,A,F
M,CA,2025-10,2.25,A,F
M,CA,2025-11,2.25,A,F
M,CA,2025-12,2.25,A,F
M,CA,2026-01,2.25,A,F
M,CA,2026-02,2.25,A,F
M,CA,2026-03,2.25,A,F
M,CA,2026-04,2.25,A,F
M,CA,2026-05,2.25,A,F
M,CA,2026-06,2.25,A,F
M,CA,2026-07,2.25,A,F
M,CA,2026-08,2.25,A,F
M,CH,2009-09,0.375,A,F
M,CH,2009-10,0.375,A,F
M,CH,2009-11,0.375,A,F
M,CH,2009-12,0.375,A,F
M,CH,2010-01,0.375,A,F
M,CH,2010-02,0.375,A,F
M,CH,2010-03,0.375,A,F
M,CH,2010-04,0.375,A,F
M,CH,2010-05,0.375,A,F
M,CH,2010-06,0.375,A,F
M,CH,2010-07,0.375,A,F
M,CH,2010-08,0.375,A,F
M,CH,2010-09,0.375,A,F
M,CH,2010-10,0.375,A,F
M,CH,2010-11,0.375,A,F
M,CH,2010-12,0.375,A,F
M,CH,2011-01,0.375,A,F
M,CH,2011-02,0.375,A,F
M,CH,2011-03,0.375,A,F
M,CH,2011-04,0.375,A,F
M,CH,2011-05,0.375,A,F
M,CH,2011-06,0.375,A,F
M,CH,2011-07,0.375,A,F
M,CH,2011-08,0.125,A,F
M,CH,2011-09,0.125,A,F
M,CH,2011-10,0.125,A,F
M,CH,2011-11,0.125,A,F
M,CH,2011-12,0.125,A,F
M,CH,2012-01,0.125,A,F
M,CH,2012-02,0.125,A,F
M,CH,2012-03,0.125,A,F
M,CH,2012-04,0.125,A,F
M,CH,2012-05,0.125,A,F
M,CH,2012-06,0.125,A,F
M,CH,2012-07,0.125,A,F
M,CH,2012-08,0.125,A,F
M,CH,2012-09,0.125,A,F
M,CH,2012-10,0.125,A,F
M,CH,2012-11,0.125,A,F
M,CH,2012-12,0.125,A,F
M,CH,2013-01,0.125,A,F
M,CH,2013-02,0.125,A,F
M,CH,2013-03,0.125,A,F
M,CH,2013-04,0.125,A,F
M,CH,2013-05,0.125,A,F
M,CH,2013-06,0.125,A,F
M,CH,2013-07,0.125,A,F
M,CH,2013-08,0.125,A,F
M,CH,2013-09,0.125,A,F
M,CH,2013-10,0.125,A,F
M,CH,2013-11,0.125,A,F
M,CH,2013-12,0.125,A,F
M,CH,2014-01,0.125,A,F
M,CH,2014-02,0.125,A,F
M,CH,2014-03,0.125,A,F
M,CH,2014-04,0.125,A,F
M,CH,2014-05,0.125,A,F
M,CH,2014-06,0.125,A,F
M,CH,2014-07,0.125,A,F
M,CH,2014-08,0.125,A,F
M,CH,2014-09,0.125,A,F
M,CH,2014-10,0.125,A,F
M,CH,2014-11,0.125,A,F
M,CH,2014-12,-0.25,A,F
M,CH,2015-01,-0.75,A,F
M,CH,2015-02,-0.75,A,F
M,CH,2015-03,-0.75,A,F
M,CH,2015-04,-0.75,A,F
M,CH,2015-05,-0.75,A,F
M,CH,2015-06,-0.75,A,F
M,CH,2015-07,-0.75,A,F
M,CH,2015-08,-0.75,A,F
M,CH,2015-09,-0.75,A,F
M,CH,2015-10,-0.75,A,F
M,CH,2015-11,-0.75,A,F
M,CH,2015-12,-0.75,A,F
M,CH,2016-01,-0.75,A,F
M,CH,2016-02,-0.75,A,F
M,CH,2016-03,-0.75,A,F
M,CH,2016-04,-0.75,A,F
M,CH,2016-05,-0.75,A,F
M,CH,2016-06,-0.75,A,F
M,CH,2016-07,-0.75,A,F
M,CH,2016-08,-0.75,A,F
M,CH,2016-09,-0.75,A,F
M,CH,2016-10,-0.75,A,F
M,CH,2016-11,-0.75,A,F
M,CH,2016-12,-0.75,A,F
M,CH,2017-01,-0.75,A,F
M,CH,2017-02,-0.75,A,F
M,CH,2017-03,-0.75,A,F
M,CH,2017-04,-0.75,A,F
M,CH,2017-05,-0.75,A,F
M,CH,2017-06,-0.75,A,F
M,CH,2017-07,-0.75,A,F
M,CH,2017-08,-0.75,A,F
M,CH,2017-09,-0.75,A,F
M,CH,2017-10,-0.75,A,F
M,CH,2017-11,-0.75,A,F
M,CH,2017-12,-0.75,A,F
M,CH,2018-01,-0.75,A,F
M,CH,2018-02,-0.75,A,F
M,CH,2018-03,-0.75,A,F
M,CH,2018-04,-0.75,A,F
M,CH,2018-05,-0.75,A,F
M,CH,2018-06,-0.75,A,F
M,CH,2018-07,-0.75,A,F
M,CH,2018-08,-0.75,A,F
M,CH,2018-09,-0.75,A,F
M,CH,2018-10,-0.75,A,F
M,CH,2018-11,-0.75,A,F
M,CH,2018-12,-0.75,A,F
M,CH,2019-01,-0.75,A,F
M,CH,2019-02,-0.75,A,F
M,CH,2019-03,-0.75,A,F
M,CH,2019-04,-0.75,A,F
M,CH,2019-05,-0.75,A,F
M,CH,2019-06,-0.75,A,F
M,CH,2019-07,-0.75,A,F
M,CH,2019-08,-0.75,A,F
M,CH,2019-09,-0.75,A,F
M,CH,2019-10,-0.75,A,F
M,CH,2019-11,-0.75,A,F
M,CH,2019-12,-0.75,A,F
M,CH,2020-01,-0.75,A,F
M,CH,2020-02,-0.75,A,F
M,CH,2020-03,-0.75,A,F
M,CH,2020-04,-0.75,A,F
M,CH,2020-05,-0.75,A,F
M,CH,2020-06,-0.75,A,F
M,CH,2020-07,-0.75,A,F
M,CH,2020-08,-0.75,A,F
M,CH,2020-09,-0.75,A,F
M,CH,2020-10,-0.75,A,F
M,CH,2020-11,-0.75,A,F
M,CH,2020-12,-0.75,A,F
M,CH,2021-01,-0.75,A,F
M,CH,2021-02,-0.75,A,F
M,CH,2021-03,-0.75,A,F
M,CH,2021-04,-0.75,A,F
M,CH,2021-05,-0.75,A,F
M,CH,2021-06,-0.75,A,F
M,CH,2021-07,-0.75,A,F
M,CH,2021-08,-0.75,A,F
M,CH,2021-09,-0.75,A,F
M,CH,2021-10,-0.75,A,F
M,CH,2021-11,-0.75,A,F
M,CH,2021-12,-0.75,A,F
M,CH,2022-01,-0.75,A,F
M,CH,2022-02,-0.75,A,F
M,CH,2022-03,-0.75,A,F
M,CH,2022-04,-0.75,A,F
M,CH,2022-05,-0.75,A,F
M,CH,2022-06,-0.25,A,F
M,CH,2022-07,-0.25,A,F
M,CH,2022-08,-0.25,A,F
M,CH,2022-09,0.5,A,F
M,CH,2022-10,0.5,A,F
M,CH,2022-11,0.5,A,F
M,CH,2022-12,1,A,F
M,CH,2023-01,1,A,F
M,CH,2023-02,1,A,F
M,CH,2023-03,1.5,A,F
M,CH,2023-04,1.5,A,F
M,CH,2023-05,1.5,A,F
M,CH,2023-06,1.75,A,F
M,CH,2023-07,1.75,A,F
M,CH,2023-08,1.75,A,F
M,CH,2023-09,1.75,A,F
M,CH,2023-10,1.75,A,F
M,CH,2023-11,1.75,A,F
M,CH,2023-12,1.75,A,F
M,CH,2024-01,1.75,A,F
M,CH,2024-02,1.75,A,F
M,CH,2024-03,1.5,A,F
M,CH,2024-04,1.5,A,F
M,CH,2024-05,1.5,A,F
M,CH,2024-06,1.25,A,F
M,CH,2024-07,1.25,A,F
M,CH,2024-08,1.25,A,F
M,CH,2024-09,1,A,F
M,CH,2024-10,1,A,F
M,CH,2024-11,1,A,F
M,CH,2024-12,0.5,A,F
M,CH,2025-01,0.5,A,F
M,CH,2025-02,0.5,A,F
M,CH,2025-03,0.25,A,F
M,CH,2025-04,0.25,A,F
M,CH,2025-05,0.25,A,F
M,CH,2025-06,0,A,F
M,CH,2025-07,0,A,F
M,CH,2025-08,0,A,F
M,CH,2025-09,0,A,F
M,CH,2025-10,0,A,F
M,CH,2025-11,0,A,F
M,CH,2025-12,0,A,F
M,CH,2026-01,0,A,F
M,CH,2026-02,0,A,F
M,CH,2026-03,0,A,F
M,CH,2026-04,0,A,F
M,CH,2026-05,0,A,F
M,CH,2026-06,0,A,F
M,CH,2026-07,0,A,F
M,CH,2026-08,0,A,F
M,XM,2009-09,1,A,F
M,XM,2009-10,1,A,F
M,XM,2009-11,1,A,F
M,XM,2009-12,1,A,F
M,XM,2010-01,1,A,F
M,XM,2010-02,1,A,F
M,XM,2010-03,1,A,F
M,XM,2010-04,1,A,F
M,XM,2010-05,1,A,F
M,XM,2010-06,1,A,F
M,XM,2010-07,1,A,F
M,XM,2010-08,1,A,F
M,XM,2010-09,1,A,F
M,XM,2010-10,1,A,F
M,XM,2010-11,1,A,F
M,XM,2010-12,1,A,F
M,XM,2011-01,1,A,F
M,XM,2011-02,1,A,F
M,XM,2011-03,1,A,F
M,XM,2011-04,1.25,A,F
M,XM,2011-05,1.25,A,F
M,XM,2011-06,1.25,A,F
M,XM,2011-07,1.5,A,F
M,XM,2011-08,1.5,A,F
M,XM,2011-09,1.5,A,F
M,XM,2011-10,1.5,A,F
M,XM,2011-11,1.25,A,F
M,XM,2011-12,1,A,F
M,XM,2012-01,1,A,F
M,XM,2012-02,1,A,F
M,XM,2012-03,1,A,F
M,XM,2012-04,1,A,F
M,XM,2012-05,1,A,F
M,XM,2012-06,1,A,F
M,XM,2012-07,0.75,A,F
M,XM,2012-08,0.75,A,F
M,XM,2012-09,0.75,A,F
M,XM,2012-10,0.75,A,F
M,XM,2012-11,0.75,A,F
M,XM,2012-12,0.75,A,F
M,XM,2013-01,0.75,A,F
M,XM,2013-02,0.75,A,F
M,XM,2013-03,0.75,A,F
M,XM,2013-04,0.75,A,F
M,XM,2013-05,0.5,A,F
M,XM,2013-06,0.5,A,F
M,XM,2013-07,0.5,A,F
M,XM,2013-08,0.5,A,F
M,XM,2013-09,0.5,A,F
M,XM,2013-10,0.5,A,F
M,XM,2013-11,0.25,A,F
M,XM,2013-12,0.25,A,F
M,XM,2014-01,0.25,A,F
M,XM,2014-02,0.25,A,F
M,XM,2014-03,0.25,A,F
M,XM,2014-04,0.25,A,F
M,XM,2014-05,0.25,A,F
M,XM,2014-06,0.15,A,F
M,XM,2014-07,0.15,A,F
M,XM,2014-08,0.15,A,F
M,XM,2014-09,0.05,A,F
M,XM,2014-10,0.05,A,F
M,XM,2014-11,0.05,A,F
M,XM,2014-12,0.05,A,F
M,XM,2015-01,0.05,A,F
M,XM,2015-02,0.05,A,F
M,XM,2015-03,0.05,A,F
M,XM,2015-04,0.05,A,F
M,XM,2015-05,0.05,A,F
M,XM,2015-06,0.05,A,F
M,XM,2015-07,0.05,A,F
M,XM,2015-08,0.05,A,F
M,XM,2015-09,0.05,A,F
M,XM,2015-10,0.05,A,F
M,XM,2015-11,0.05,A,F
M,XM,2015-12,0.05,A,F
M,XM,2016-01,0.05,A,F
M,XM,2016-02,0.05,A,F
M,XM,2016-03,0,A,F
M,XM,2016-04,0,A,F
M,XM,2016-05,0,A,F
M,XM,2016-06,0,A,F
M,XM,2016-07,0,A,F
M,XM,2016-08,0,A,F
M,XM,2016-09,0,A,F
M,XM,2016-10,0,A,F
M,XM,2016-11,0,A,F
M,XM,2016-12,0,A,F
M,XM,2017-01,0,A,F
M,XM,2017-02,0,A,F
M,XM,2017-03,0,A,F
M,XM,2017-04,0,A,F
M,XM,2017-05,0,A,F
M,XM,2017-06,0,A,F
M,XM,2017-07,0,A,F
M,XM,2017-08,0,A,F
M,XM,2017-09,0,A,F
M,XM,2017-10,0,A,F
M,XM,2017-11,0,A,F
M,XM,2017-12,0,A,F
M,XM,2018-01,0,A,F
M,XM,2018-02,0,A,F
M,XM,2018-03,0,A,F
M,XM,2018-04,0,A,F
M,XM,2018-05,0,A,F
M,XM,2018-06,0,A,F
M,XM,2018-07,0,A,F
M,XM,2018-08,0,A,F
M,XM,2018-09,0,A,F
M,XM,2018-10,0,A,F
M,XM,2018-11,0,A,F
M,XM,2018-12,0,A,F
M,XM,2019-01,0,A,F
M,XM,2019-02,0,A,F
M,XM,2019-03,0,A,F
M,XM,2019-04,0,A,F
M,XM,2019-05,0,A,F
M,XM,2019-06,0,A,F
M,XM,2019-07,0,A,F
M,XM,2019-08,0,A,F
M,XM,2019-09,0,A,F
M,XM,2019-10,0,A,F
M,XM,2019-11,0,A,F
M,XM,2019-12,0,A,F
M,XM,2020-01,0,A,F
M,XM,2020-02,0,A,F
M,XM,2020-03,0,A,F
M,XM,2020-04,0,A,F
M,XM,2020-05,0,A,F
M,XM,2020-06,0,A,F
M,XM,2020-07,0,A,F
M,XM,2020-08,0,A,F
M,XM,2020-09,0,A,F
M,XM,2020-10,0,A,F
M,XM,2020-11,0,A,F
M,XM,2020-12,0,A,F
M,XM,2021-01,0,A,F
M,XM,2021-02,0,A,F
M,XM,2021-03,0,A,F
M,XM,2021-04,0,A,F
M,XM,2021-05,0,A,F
M,XM,2021-06,0,A,F
M,XM,2021-07,0,A,F
M,XM,2021-08,0,A,F
M,XM,2021-09,0,A,F
M,XM,2021-10,0,A,F
M,XM,2021-11,0,A,F
M,XM,2021-12,0,A,F
M,XM,2022-01,0,A,F
M,XM,2022-02,0,A,F
M,XM,2022-03,0,A,F
M,XM,2022-04,0,A,F
M,XM,2022-05,0,A,F
M,XM,2022-06,0,A,F
M,XM,2022-07,0.5,A,F
M,XM,2022-08,0.5,A,F
M,XM,2022-09,1.25,A,F
M,XM,2022-10,1.25,A,F
M,XM,2022-11,2,A,F
M,XM,2022-12,2.5,A,F
M,XM,2023-01,2.5,A,F
M,XM,2023-02,3,A,F
M,XM,2023-03,3.5,A,F
M,XM,2023-04,3.5,A,F
M,XM,2023-05,3.75,A,F
M,XM,2023-06,4,A,F
M,XM,2023-07,4,A,F
M,XM,2023-08,4.25,A,F
M,XM,2023-09,4.5,A,F
M,XM,2023-10,4.5,A,F
M,XM,2023-11,4.5,A,F
M,XM,2023-12,4.5,A,F
M,XM,2024-01,4.5,A,F
M,XM,2024-02,4.5,A,F
M,XM,2024-03,4.5,A,F
M,XM,2024-04,4.5,A,F
M,XM,2024-05,4.5,A,F
M,XM,2024-06,4.25,A,F
M,XM,2024-07,4.25,A,F
M,XM,2024-08,4.25,A,F
M,XM,2024-09,3.5,A,F
M,XM,2024-10,3.25,A,F
M,XM,2024-11,3.25,A,F
M,XM,2024-12,3,A,F
M,XM,2025-01,3,A,F
M,XM,2025-02,2.75,A,F
M,XM,2025-03,2.5,A,F
M,XM,2025-04,2.25,A,F
M,XM,2025-05,2.25,A,F
M,XM,2025-06,2,A,F
M,XM,2025-07,2,A,F
M,XM,2025-08,2,A,F
M,XM,2025-09,2,A,F
M,XM,2025-10,2,A,F
M,XM,2025-11,2,A,F
M,XM,2025-12,2,A,F
M,XM,2026-01,2,A,F
M,XM,2026-02,2,A,F
M,XM,2026-03,2,A,F
M,XM,2026-04,2,A,F
M,XM,2026-05,2,A,F
M,XM,2026-06,2.25,A,F
M,XM,2026-07,2.25,A,F
M,XM,2026-08,2.25,A,F
M,GB,2009-09,0.5,A,F
M,GB,2009-10,0.5,A,F
M,GB,2009-11,0.5,A,F
M,GB,2009-12,0.5,A,F
M,GB,2010-01,0.5,A,F
M,GB,2010-02,0.5,A,F
M,GB,2010-03,0.5,A,F
M,GB,2010-04,0.5,A,F
M,GB,2010-05,0.5,A,F
M,GB,2010-06,0.5,A,F
M,GB,2010-07,0.5,A,F
M,GB,2010-08,0.5,A,F
M,GB,2010-09,0.5,A,F
M,GB,2010-10,0.5,A,F
M,GB,2010-11,0.5,A,F
M,GB,2010-12,0.5,A,F
M,GB,2011-01,0.5,A,F
M,GB,2011-02,0.5,A,F
M,GB,2011-03,0.5,A,F
M,GB,2011-04,0.5,A,F
M,GB,2011-05,0.5,A,F
M,GB,2011-06,0.5,A,F
M,GB,2011-07,0.5,A,F
M,GB,2011-08,0.5,A,F
M,GB,2011-09,0.5,A,F
M,GB,2011-10,0.5,A,F
M,GB,2011-11,0.5,A,F
M,GB,2011-12,0.5,A,F
M,GB,2012-01,0.5,A,F
M,GB,2012-02,0.5,A,F
M,GB,2012-03,0.5,A,F
M,GB,2012-04,0.5,A,F
M,GB,2012-05,0.5,A,F
M,GB,2012-06,0.5,A,F
M,GB,2012-07,0.5,A,F
M,GB,2012-08,0.5,A,F
M,GB,2012-09,0.5,A,F
M,GB,2012-10,0.5,A,F
M,GB,2012-11,0.5,A,F
M,GB,2012-12,0.5,A,F
M,GB,2013-01,0.5,A,F
M,GB,2013-02,0.5,A,F
M,GB,2013-03,0.5,A,F
M,GB,2013-04,0.5,A,F
M,GB,2013-05,0.5,A,F
M,GB,2013-06,0.5,A,F
M,GB,2013-07,0.5,A,F
M,GB,2013-08,0.5,A,F
M,GB,2013-09,0.5,A,F
M,GB,2013-10,0.5,A,F
M,GB,2013-11,0.5,A,F
M,GB,2013-12,0.5,A,F
M,GB,2014-01,0.5,A,F
M,GB,2014-02,0.5,A,F
M,GB,2014-03,0.5,A,F
M,GB,2014-04,0.5,A,F
M,GB,2014-05,0.5,A,F
M,GB,2014-06,0.5,A,F
M,GB,2014-07,0.5,A,F
M,GB,2014-08,0.5,A,F
M,GB,2014-09,0.5,A,F
M,GB,2014-10,0.5,A,F
M,GB,2014-11,0.5,A,F
M,GB,2014-12,0.5,A,F
M,GB,2015-01,0.5,A,F
M,GB,2015-02,0.5,A,F
M,GB,2015-03,0.5,A,F
M,GB,2015-04,0.5,A,F
M,GB,2015-05,0.5,A,F
M,GB,2015-06,0.5,A,F
M,GB,2015-07,0.5,A,F
M,GB,2015-08,0.5,A,F
M,GB,2015-09,0.5,A,F
M,GB,2015-10,0.5,A,F
M,GB,2015-11,0.5,A,F
M,GB,2015-12,0.5,A,F
M,GB,2016-01,0.5,A,F
M,GB,2016-02,0.5,A,F
M,GB,2016-03,0.5,A,F
M,GB,2016-04,0.5,A,F
M,GB,2016-05,0.5,A,F
M,GB,2016-06,0.5,A,F
M,GB,2016-07,0.5,A,F
M,GB,2016-08,0.25,A,F
M,GB,2016-09,0.25,A,F
M,GB,2016-10,0.25,A,F
M,GB,2016-11,0.25,A,F
M,GB,2016-12,0.25,A,F
M,GB,2017-01,0.25,A,F
M,GB,2017-02,0.25,A,F
M,GB,2017-03,0.25,A,F
M,GB,2017-04,0.25,A,F
M,GB,2017-05,0.25,A,F
M,GB,2017-06,0.25,A,F
M,GB,2017-07,0.25,A,F
M,GB,2017-08,0.25,A,F
M,GB,2017-09,0.25,A,F
M,GB,2017-10,0.25,A,F
M,GB,2017-11,0.5,A,F
M,GB,2017-12,0.5,A,F
M,GB,2018-01,0.5,A,F
M,GB,2018-02,0.5,A,F
M,GB,2018-03,0.5,A,F
M,GB,2018-04,0.5,A,F
M,GB,2018-05,0.5,A,F
M,GB,2018-06,0.5,A,F
M,GB,2018-07,0.5,A,F
M,GB,2018-08,0.75,A,F
M,GB,2018-09,0.75,A,F
M,GB,2018-10,0.75,A,F
M,GB,2018-11,0.75,A,F
M,GB,2018-12,0.75,A,F
M,GB,2019-01,0.75,A,F
M,GB,2019-02,0.75,A,F
M,GB,2019-03,0.75,A,F
M,GB,2019-04,0.75,A,F
M,GB,2019-05,0.75,A,F
M,GB,2019-06,0.75,A,F
M,GB,2019-07,0.75,A,F
M,GB,2019-08,0.75,A,F
M,GB,2019-09,0.75,A,F
M,GB,2019-10,0.75,A,F
M,GB,2019-11,0.75,A,F
M,GB,2019-12,0.75,A,F
M,GB,2020-01,0.75,A,F
M,GB,2020-02,0.75,A,F
M,GB,2020-03,0.1,A,F
M,GB,2020-04,0.1,A,F
M,GB,2020-05,0.1,A,F
M,GB,2020-06,0.1,A,F
M,GB,2020-07,0.1,A,F
M,GB,2020-08,0.1,A,F
M,GB,2020-09,0.1,A,F
M,GB,2020-10,0.1,A,F
M,GB,2020-11,0.1,A,F
M,GB,2020-12,0.1,A,F
M,GB,2021-01,0.1,A,F
M,GB,2021-02,0.1,A,F
M,GB,2021-03,0.1,A,F
M,GB,2021-04,0.1,A,F
M,GB,2021-05,0.1,A,F
M,GB,2021-06,0.1,A,F
M,GB,2021-07,0.1,A,F
M,GB,2021-08,0.1,A,F
M,GB,2021-09,0.1,A,F
M,GB,2021-10,0.1,A,F
M,GB,2021-11,0.1,A,F
M,GB,2021-12,0.25,A,F
M,GB,2022-01,0.25,A,F
M,GB,2022-02,0.5,A,F
M,GB,2022-03,0.75,A,F
M,GB,2022-04,0.75,A,F
M,GB,2022-05,1,A,F
M,GB,2022-06,1.25,A,F
M,GB,2022-07,1.25,A,F
M,GB,2022-08,1.75,A,F
M,GB,2022-09,2.25,A,F
M,GB,2022-10,2.25,A,F
M,GB,2022-11,3,A,F
M,GB,2022-12,3.5,A,F
M,GB,2023-01,3.5,A,F
M,GB,2023-02,4,A,F
M,GB,2023-03,4.25,A,F
M,GB,2023-04,4.25,A,F
M,GB,2023-05,4.5,A,F
M,GB,2023-06,5,A,F
M,GB,2023-07,5,A,F
M,GB,2023-08,5.25,A,F
M,GB,2023-09,5.25,A,F
M,GB,2023-10,5.25,A,F
M,GB,2023-11,5.25,A,F
M,GB,2023-12,5.25,A,F
M,GB,2024-01,5.25,A,F
M,GB,2024-02,5.25,A,F
M,GB,2024-03,5.25,A,F
M,GB,2024-04,5.25,A,F
M,GB,2024-05,5.25,A,F
M,GB,2024-06,5.25,A,F
M,GB,2024-07,5.25,A,F
M,GB,2024-08,5,A,F
M,GB,2024-09,5,A,F
M,GB,2024-10,5,A,F
M,GB,2024-11,4.75,A,F
M,GB,2024-12,4.75,A,F
M,GB,2025-01,4.75,A,F
M,GB,2025-02,4.5,A,F
M,GB,2025-03,4.5,A,F
M,GB,2025-04,4.5,A,F
M,GB,2025-05,4.25,A,F
M,GB,2025-06,4.25,A,F
M,GB,2025-07,4.25,A,F
M,GB,2025-08,4,A,F
M,GB,2025-09,4,A,F
M,GB,2025-10,4,A,F
M,GB,2025-11,4,A,F
M,GB,2025-12,3.75,A,F
M,GB,2026-01,3.75,A,F
M,GB,2026-02,3.75,A,F
M,GB,2026-03,3.75,A,F
M,GB,2026-04,3.75,A,F
M,GB,2026-05,3.75,A,F
M,GB,2026-06,3.75,A,F
M,GB,2026-07,3.75,A,F
M,GB,2026-08,3.75,A,F
M,JP,2009-09,0.1,A,F
M,JP,2009-10,0.1,A,F
M,JP,2009-11,0.1,A,F
M,JP,2009-12,0.1,A,F
M,JP,2010-01,0.1,A,F
M,JP,2010-02,0.1,A,F
M,JP,2010-03,0.1,A,F
M,JP,2010-04,0.1,A,F
M,JP,2010-05,0.1,A,F
M,JP,2010-06,0.1,A,F
M,JP,2010-07,0.1,A,F
M,JP,2010-08,0.1,A,F
M,JP,2010-09,0.1,A,F
M,JP,2010-10,0.05,A,F
M,JP,2010-11,0.05,A,F
M,JP,2010-12,0.05,A,F
M,JP,2011-01,0.05,A,F
M,JP,2011-02,0.05,A,F
M,JP,2011-03,0.05,A,F
M,JP,2011-04,0.05,A,F
M,JP,2011-05,0.05,A,F
M,JP,2011-06,0.05,A,F
M,JP,2011-07,0.05,A,F
M,JP,2011-08,0.05,A,F
M,JP,2011-09,0.05,A,F
M,JP,2011-10,0.05,A,F
M,JP,2011-11,0.05,A,F
M,JP,2011-12,0.05,A,F
M,JP,2012-01,0.05,A,F
M,JP,2012-02,0.05,A,F
M,JP,2012-03,0.05,A,F
M,JP,2012-04,0.05,A,F
M,JP,2012-05,0.05,A,F
M,JP,2012-06,0.05,A,F
M,JP,2012-07,0.05,A,F
M,JP,2012-08,0.05,A,F
M,JP,2012-09,0.05,A,F
M,JP,2012-10,0.05,A,F
M,JP,2012-11,0.05,A,F
M,JP,2012-12,0.05,A,F
M,JP,2013-01,0.05,A,F
M,JP,2013-02,0.05,A,F
M,JP,2013-03,0.05,A,F
M,JP,2013-04,0.05,A,F
M,JP,2016-09,-0.1,A,F
M,JP,2016-10,-0.1,A,F
M,JP,2016-11,-0.1,A,F
M,JP,2016-12,-0.1,A,F
M,JP,2017-01,-0.1,A,F
M,JP,2017-02,-0.1,A,F
M,JP,2017-03,-0.1,A,F
M,JP,2017-04,-0.1,A,F
M,JP,2017-05,-0.1,A,F
M,JP,2017-06,-0.1,A,F
M,JP,2017-07,-0.1,A,F
M,JP,2017-08,-0.1,A,F
M,JP,2017-09,-0.1,A,F
M,JP,2017-10,-0.1,A,F
M,JP,2017-11,-0.1,A,F
M,JP,2017-12,-0.1,A,F
M,JP,2018-01,-0.1,A,F
M,JP,2018-02,-0.1,A,F
M,JP,2018-03,-0.1,A,F
M,JP,2018-04,-0.1,A,F
M,JP,2018-05,-0.1,A,F
M,JP,2018-06,-0.1,A,F
M,JP,2018-07,-0.1,A,F
M,JP,2018-08,-0.1,A,F
M,JP,2018-09,-0.1,A,F
M,JP,2018-10,-0.1,A,F
M,JP,2018-11,-0.1,A,F
M,JP,2018-12,-0.1,A,F
M,JP,2019-01,-0.1,A,F
M,JP,2019-02,-0.1,A,F
M,JP,2019-03,-0.1,A,F
M,JP,2019-04,-0.1,A,F
M,JP,2019-05,-0.1,A,F
M,JP,2019-06,-0.1,A,F
M,JP,2019-07,-0.1,A,F
M,JP,2019-08,-0.1,A,F
M,JP,2019-09,-0.1,A,F
M,JP,2019-10,-0.1,A,F
M,JP,2019-11,-0.1,A,F
M,JP,2019-12,-0.1,A,F
M,JP,2020-01,-0.1,A,F
M,JP,2020-02,-0.1,A,F
M,JP,2020-03,-0.1,A,F
M,JP,2020-04,-0.1,A,F
M,JP,2020-05,-0.1,A,F
M,JP,2020-06,-0.1,A,F
M,JP,2020-07,-0.1,A,F
M,JP,2020-08,-0.1,A,F
M,JP,2020-09,-0.1,A,F
M,JP,2020-10,-0.1,A,F
M,JP,2020-11,-0.1,A,F
M,JP,2020-12,-0.1,A,F
M,JP,2021-01,-0.1,A,F
M,JP,2021-02,-0.1,A,F
M,JP,2021-03,-0.1,A,F
M,JP,2021-04,-0.1,A,F
M,JP,2021-05,-0.1,A,F
M,JP,2021-06,-0.1,A,F
M,JP,2021-07,-0.1,A,F
M,JP,2021-08,-0.1,A,F
M,JP,2021-09,-0.1,A,F
M,JP,2021-10,-0.1,A,F
M,JP,2021-11,-0.1,A,F
M,JP,2021-12,-0.1,A,F
M,JP,2022-01,-0.1,A,F
M,JP,2022-02,-0.1,A,F
M,JP,2022-03,-0.1,A,F
M,JP,2022-04,-0.1,A,F
M,JP,2022-05,-0.1,A,F
M,JP,2022-06,-0.1,A,F
M,JP,2022-07,-0.1,A,F
M,JP,2022-08,-0.1,A,F
M,JP,2022-09,-0.1,A,F
M,JP,2022-10,-0.1,A,F
M,JP,2022-11,-0.1,A,F
M,JP,2022-12,-0.1,A,F
M,JP,2023-01,-0.1,A,F
M,JP,2023-02,-0.1,A,F
M,JP,2023-03,-0.1,A,F
M,JP,2023-04,-0.1,A,F
M,JP,2023-05,-0.1,A,F
M,JP,2023-06,-0.1,A,F
M,JP,2023-07,-0.1,A,F
M,JP,2023-08,-0.1,A,F
M,JP,2023-09,-0.1,A,F
M,JP,2023-10,-0.1,A,F
M,JP,2023-11,-0.1,A,F
M,JP,2023-12,-0.1,A,F
M,JP,2024-01,-0.1,A,F
M,JP,2024-02,-0.1,A,F
M,JP,2024-03,0.05,A,F
M,JP,2024-04,0.05,A,F
M,JP,2024-05,0.05,A,F
M,JP,2024-06,0.05,A,F
M,JP,2024-07,0.05,A,F
M,JP,2024-08,0.25,A,F
M,JP,2024-09,0.25,A,F
M,JP,2024-10,0.25,A,F
M,JP,2024-11,0.25,A,F
M,JP,2024-12,0.25,A,F
M,JP,2025-01,0.5,A,F
M,JP,2025-02,0.5,A,F
M,JP,2025-03,0.5,A,F
M,JP,2025-04,0.5,A,F
M,JP,2025-05,0.5,A,F
M,JP,2025-06,0.5,A,F
M,JP,2025-07,0.5,A,F
M,JP,2025-08,0.5,A,F
M,JP,2025-09,0.5,A,F
M,JP,2025-10,0.5,A,F
M,JP,2025-11,0.5,A,F
M,JP,2025-12,0.75,A,F
M,JP,2026-01,0.75,A,F
M,JP,2026-02,0.75,A,F
M,JP,2026-03,0.75,A,F
M,JP,2026-04,0.75,A,F
M,JP,2026-05,0.75,A,F
M,JP,2026-06,1,A,F
M,JP,2026-07,1,A,F
M,JP,2026-08,1,A,F
M,NZ,2009-09,2.5,A,F
M,NZ,2009-10,2.5,A,F
M,NZ,2009-11,2.5,A,F
M,NZ,2009-12,2.5,A,F
M,NZ,2010-01,2.5,A,F
M,NZ,2010-02,2.5,A,F
M,NZ,2010-03,2.5,A,F
M,NZ,2010-04,2.5,A,F
M,NZ,2010-05,2.5,A,F
M,NZ,2010-06,2.75,A,F
M,NZ,2010-07,3,A,F
M,NZ,2010-08,3,A,F
M,NZ,2010-09,3,A,F
M,NZ,2010-10,3,A,F
M,NZ,2010-11,3,A,F
M,NZ,2010-12,3,A,F
M,NZ,2011-01,3,A,F
M,NZ,2011-02,3,A,F
M,NZ,2011-03,2.5,A,F
M,NZ,2011-04,2.5,A,F
M,NZ,2011-05,2.5,A,F
M,NZ,2011-06,2.5,A,F
M,NZ,2011-07,2.5,A,F
M,NZ,2011-08,2.5,A,F
M,NZ,2011-09,2.5,A,F
M,NZ,2011-10,2.5,A,F
M,NZ,2011-11,2.5,A,F
M,NZ,2011-12,2.5,A,F
M,NZ,2012-01,2.5,A,F
M,NZ,2012-02,2.5,A,F
M,NZ,2012-03,2.5,A,F
M,NZ,2012-04,2.5,A,F
M,NZ,2012-05,2.5,A,F
M,NZ,2012-06,2.5,A,F
M,NZ,2012-07,2.5,A,F
M,NZ,2012-08,2.5,A,F
M,NZ,2012-09,2.5,A,F
M,NZ,2012-10,2.5,A,F
M,NZ,2012-11,2.5,A,F
M,NZ,2012-12,2.5,A,F
M,NZ,2013-01,2.5,A,F
M,NZ,2013-02,2.5,A,F
M,NZ,2013-03,2.5,A,F
M,NZ,2013-04,2.5,A,F
M,NZ,2013-05,2.5,A,F
M,NZ,2013-06,2.5,A,F
M,NZ,2013-07,2.5,A,F
M,NZ,2013-08,2.5,A,F
M,NZ,2013-09,2.5,A,F
M,NZ,2013-10,2.5,A,F
M,NZ,2013-11,2.5,A,F
M,NZ,2013-12,2.5,A,F
M,NZ,2014-01,2.5,A,F
M,NZ,2014-02,2.5,A,F
M,NZ,2014-03,2.75,A,F
M,NZ,2014-04,3,A,F
M,NZ,2014-05,3,A,F
M,NZ,2014-06,3.25,A,F
M,NZ,2014-07,3.5,A,F
M,NZ,2014-08,3.5,A,F
M,NZ,2014-09,3.5,A,F
M,NZ,2014-10,3.5,A,F
M,NZ,2014-11,3.5,A,F
M,NZ,2014-12,3.5,A,F
M,NZ,2015-01,3.5,A,F
M,NZ,2015-02,3.5,A,F
M,NZ,2015-03,3.5,A,F
M,NZ,2015-04,3.5,A,F
M,NZ,2015-05,3.5,A,F
M,NZ,2015-06,3.25,A,F
M,NZ,2015-07,3,A,F
M,NZ,2015-08,3,A,F
M,NZ,2015-09,2.75,A,F
M,NZ,2015-10,2.75,A,F
M,NZ,2015-11,2.75,A,F
M,NZ,2015-12,2.5,A,F
M,NZ,2016-01,2.5,A,F
M,NZ,2016-02,2.5,A,F
M,NZ,2016-03,2.25,A,F
M,NZ,2016-04,2.25,A,F
M,NZ,2016-05,2.25,A,F
M,NZ,2016-06,2.25,A,F
M,NZ,2016-07,2.25,A,F
M,NZ,2016-08,2,A,F
M,NZ,2016-09,2,A,F
M,NZ,2016-10,2,A,F
M,NZ,2016-11,1.75,A,F
M,NZ,2016-12,1.75,A,F
M,NZ,2017-01,1.75,A,F
M,NZ,2017-02,1.75,A,F
M,NZ,2017-03,1.75,A,F
M,NZ,2017-04,1.75,A,F
M,NZ,2017-05,1.75,A,F
M,NZ,2017-06,1.75,A,F
M,NZ,2017-07,1.75,A,F
M,NZ,2017-08,1.75,A,F
M,NZ,2017-09,1.75,A,F
M,NZ,2017-10,1.75,A,F
M,NZ,2017-11,1.75,A,F
M,NZ,2017-12,1.75,A,F
M,NZ,2018-01,1.75,A,F
M,NZ,2018-02,1.75,A,F
M,NZ,2018-03,1.75,A,F
M,NZ,2018-04,1.75,A,F
M,NZ,2018-05,1.75,A,F
M,NZ,2018-06,1.75,A,F
M,NZ,2018-07,1.75,A,F
M,NZ,2018-08,1.75,A,F
M,NZ,2018-09,1.75,A,F
M,NZ,2018-10,1.75,A,F
M,NZ,2018-11,1.75,A,F
M,NZ,2018-12,1.75,A,F
M,NZ,2019-01,1.75,A,F
M,NZ,2019-02,1.75,A,F
M,NZ,2019-03,1.75,A,F
M,NZ,2019-04,1.75,A,F
M,NZ,2019-05,1.5,A,F
M,NZ,2019-06,1.5,A,F
M,NZ,2019-07,1.5,A,F
M,NZ,2019-08,1,A,F
M,NZ,2019-09,1,A,F
M,NZ,2019-10,1,A,F
M,NZ,2019-11,1,A,F
M,NZ,2019-12,1,A,F
M,NZ,2020-01,1,A,F
M,NZ,2020-02,1,A,F
M,NZ,2020-03,0.25,A,F
M,NZ,2020-04,0.25,A,F
M,NZ,2020-05,0.25,A,F
M,NZ,2020-06,0.25,A,F
M,NZ,2020-07,0.25,A,F
M,NZ,2020-08,0.25,A,F
M,NZ,2020-09,0.25,A,F
M,NZ,2020-10,0.25,A,F
M,NZ,2020-11,0.25,A,F
M,NZ,2020-12,0.25,A,F
M,NZ,2021-01,0.25,A,F
M,NZ,2021-02,0.25,A,F
M,NZ,2021-03,0.25,A,F
M,NZ,2021-04,0.25,A,F
M,NZ,2021-05,0.25,A,F
M,NZ,2021-06,0.25,A,F
M,NZ,2021-07,0.25,A,F
M,NZ,2021-08,0.25,A,F
M,NZ,2021-09,0.25,A,F
M,NZ,2021-10,0.5,A,F
M,NZ,2021-11,0.75,A,F
M,NZ,2021-12,0.75,A,F
M,NZ,2022-01,0.75,A,F
M,NZ,2022-02,1,A,F
M,NZ,2022-03,1,A,F
M,NZ,2022-04,1.5,A,F
M,NZ,2022-05,2,A,F
M,NZ,2022-06,2,A,F
M,NZ,2022-07,2.5,A,F
M,NZ,2022-08,3,A,F
M,NZ,2022-09,3,A,F
M,NZ,2022-10,3.5,A,F
M,NZ,2022-11,4.25,A,F
M,NZ,2022-12,4.25,A,F
M,NZ,2023-01,4.25,A,F
M,NZ,2023-02,4.75,A,F
M,NZ,2023-03,4.75,A,F
M,NZ,2023-04,5.25,A,F
M,NZ,2023-05,5.5,A,F
M,NZ,2023-06,5.5,A,F
M,NZ,2023-07,5.5,A,F
M,NZ,2023-08,5.5,A,F
M,NZ,2023-09,5.5,A,F
M,NZ,2023-10,5.5,A,F
M,NZ,2023-11,5.5,A,F
M,NZ,2023-12,5.5,A,F
M,NZ,2024-01,5.5,A,F
M,NZ,2024-02,5.5,A,F
M,NZ,2024-03,5.5,A,F
M,NZ,2024-04,5.5,A,F
M,NZ,2024-05,5.5,A,F
M,NZ,2024-06,5.5,A,F
M,NZ,2024-07,5.5,A,F
M,NZ,2024-08,5.25,A,F
M,NZ,2024-09,5.25,A,F
M,NZ,2024-10,4.75,A,F
M,NZ,2024-11,4.25,A,F
M,NZ,2024-12,4.25,A,F
M,NZ,2025-01,4.25,A,F
M,NZ,2025-02,3.75,A,F
M,NZ,2025-03,3.75,A,F
M,NZ,2025-04,3.5,A,F
M,NZ,2025-05,3.25,A,F
M,NZ,2025-06,3.25,A,F
M,NZ,2025-07,3.25,A,F
M,NZ,2025-08,3,A,F
M,NZ,2025-09,3,A,F
M,NZ,2025-10,2.5,A,F
M,NZ,2025-11,2.25,A,F
M,NZ,2025-12,2.25,A,F
M,NZ,2026-01,2.25,A,F
M,NZ,2026-02,2.25,A,F
M,NZ,2026-03,2.25,A,F
M,NZ,2026-04,2.25,A,F
M,NZ,2026-05,2.25,A,F
M,NZ,2026-06,2.25,A,F
M,NZ,2026-07,2.5,A,F
M,NZ,2026-08,2.5,A,F
M,US,2009-09,0.125,A,F
M,US,2009-10,0.125,A,F
M,US,2009-11,0.125,A,F
M,US,2009-12,0.125,A,F
M,US,2010-01,0.125,A,F
M,US,2010-02,0.125,A,F
M,US,2010-03,0.125,A,F
M,US,2010-04,0.125,A,F
M,US,2010-05,0.125,A,F
M,US,2010-06,0.125,A,F
M,US,2010-07,0.125,A,F
M,US,2010-08,0.125,A,F
M,US,2010-09,0.125,A,F
M,US,2010-10,0.125,A,F
M,US,2010-11,0.125,A,F
M,US,2010-12,0.125,A,F
M,US,2011-01,0.125,A,F
M,US,2011-02,0.125,A,F
M,US,2011-03,0.125,A,F
M,US,2011-04,0.125,A,F
M,US,2011-05,0.125,A,F
M,US,2011-06,0.125,A,F
M,US,2011-07,0.125,A,F
M,US,2011-08,0.125,A,F
M,US,2011-09,0.125,A,F
M,US,2011-10,0.125,A,F
M,US,2011-11,0.125,A,F
M,US,2011-12,0.125,A,F
M,US,2012-01,0.125,A,F
M,US,2012-02,0.125,A,F
M,US,2012-03,0.125,A,F
M,US,2012-04,0.125,A,F
M,US,2012-05,0.125,A,F
M,US,2012-06,0.125,A,F
M,US,2012-07,0.125,A,F
M,US,2012-08,0.125,A,F
M,US,2012-09,0.125,A,F
M,US,2012-10,0.125,A,F
M,US,2012-11,0.125,A,F
M,US,2012-12,0.125,A,F
M,US,2013-01,0.125,A,F
M,US,2013-02,0.125,A,F
M,US,2013-03,0.125,A,F
M,US,2013-04,0.125,A,F
M,US,2013-05,0.125,A,F
M,US,2013-06,0.125,A,F
M,US,2013-07,0.125,A,F
M,US,2013-08,0.125,A,F
M,US,2013-09,0.125,A,F
M,US,2013-10,0.125,A,F
M,US,2013-11,0.125,A,F
M,US,2013-12,0.125,A,F
M,US,2014-01,0.125,A,F
M,US,2014-02,0.125,A,F
M,US,2014-03,0.125,A,F
M,US,2014-04,0.125,A,F
M,US,2014-05,0.125,A,F
M,US,2014-06,0.125,A,F
M,US,2014-07,0.125,A,F
M,US,2014-08,0.125,A,F
M,US,2014-09,0.125,A,F
M,US,2014-10,0.125,A,F
M,US,2014-11,0.125,A,F
M,US,2014-12,0.125,A,F
M,US,2015-01,0.125,A,F
M,US,2015-02,0.125,A,F
M,US,2015-03,0.125,A,F
M,US,2015-04,0.125,A,F
M,US,2015-05,0.125,A,F
M,US,2015-06,0.125,A,F
M,US,2015-07,0.125,A,F
M,US,2015-08,0.125,A,F
M,US,2015-09,0.125,A,F
M,US,2015-10,0.125,A,F
M,US,2015-11,0.125,A,F
M,US,2015-12,0.375,A,F
M,US,2016-01,0.375,A,F
M,US,2016-02,0.375,A,F
M,US,2016-03,0.375,A,F
M,US,2016-04,0.375,A,F
M,US,2016-05,0.375,A,F
M,US,2016-06,0.375,A,F
M,US,2016-07,0.375,A,F
M,US,2016-08,0.375,A,F
M,US,2016-09,0.375,A,F
M,US,2016-10,0.375,A,F
M,US,2016-11,0.375,A,F
M,US,2016-12,0.625,A,F
M,US,2017-01,0.625,A,F
M,US,2017-02,0.625,A,F
M,US,2017-03,0.875,A,F
M,US,2017-04,0.875,A,F
M,US,2017-05,0.875,A,F
M,US,2017-06,1.125,A,F
M,US,2017-07,1.125,A,F
M,US,2017-08,1.125,A,F
M,US,2017-09,1.125,A,F
M,US,2017-10,1.125,A,F
M,US,2017-11,1.125,A,F
M,US,2017-12,1.375,A,F
M,US,2018-01,1.375,A,F
M,US,2018-02,1.375,A,F
M,US,2018-03,1.625,A,F
M,US,2018-04,1.625,A,F
M,US,2018-05,1.625,A,F
M,US,2018-06,1.875,A,F
M,US,2018-07,1.875,A,F
M,US,2018-08,1.875,A,F
M,US,2018-09,2.125,A,F
M,US,2018-10,2.125,A,F
M,US,2018-11,2.125,A,F
M,US,2018-12,2.375,A,F
M,US,2019-01,2.375,A,F
M,US,2019-02,2.375,A,F
M,US,2019-03,2.375,A,F
M,US,2019-04,2.375,A,F
M,US,2019-05,2.375,A,F
M,US,2019-06,2.375,A,F
M,US,2019-07,2.375,A,F
M,US,2019-08,2.125,A,F
M,US,2019-09,1.875,A,F
M,US,2019-10,1.625,A,F
M,US,2019-11,1.625,A,F
M,US,2019-12,1.625,A,F
M,US,2020-01,1.625,A,F
M,US,2020-02,1.625,A,F
M,US,2020-03,0.125,A,F
M,US,2020-04,0.125,A,F
M,US,2020-05,0.125,A,F
M,US,2020-06,0.125,A,F
M,US,2020-07,0.125,A,F
M,US,2020-08,0.125,A,F
M,US,2020-09,0.125,A,F
M,US,2020-10,0.125,A,F
M,US,2020-11,0.125,A,F
M,US,2020-12,0.125,A,F
M,US,2021-01,0.125,A,F
M,US,2021-02,0.125,A,F
M,US,2021-03,0.125,A,F
M,US,2021-04,0.125,A,F
M,US,2021-05,0.125,A,F
M,US,2021-06,0.125,A,F
M,US,2021-07,0.125,A,F
M,US,2021-08,0.125,A,F
M,US,2021-09,0.125,A,F
M,US,2021-10,0.125,A,F
M,US,2021-11,0.125,A,F
M,US,2021-12,0.125,A,F
M,US,2022-01,0.125,A,F
M,US,2022-02,0.125,A,F
M,US,2022-03,0.375,A,F
M,US,2022-04,0.375,A,F
M,US,2022-05,0.875,A,F
M,US,2022-06,1.625,A,F
M,US,2022-07,2.375,A,F
M,US,2022-08,2.375,A,F
M,US,2022-09,3.125,A,F
M,US,2022-10,3.125,A,F
M,US,2022-11,3.875,A,F
M,US,2022-12,4.375,A,F
M,US,2023-01,4.375,A,F
M,US,2023-02,4.625,A,F
M,US,2023-03,4.875,A,F
M,US,2023-04,4.875,A,F
M,US,2023-05,5.125,A,F
M,US,2023-06,5.125,A,F
M,US,2023-07,5.375,A,F
M,US,2023-08,5.375,A,F
M,US,2023-09,5.375,A,F
M,US,2023-10,5.375,A,F
M,US,2023-11,5.375,A,F
M,US,2023-12,5.375,A,F
M,US,2024-01,5.375,A,F
M,US,2024-02,5.375,A,F
M,US,2024-03,5.375,A,F
M,US,2024-04,5.375,A,F
M,US,2024-05,5.375,A,F
M,US,2024-06,5.375,A,F
M,US,2024-07,5.375,A,F
M,US,2024-08,5.375,A,F
M,US,2024-09,4.875,A,F
M,US,2024-10,4.875,A,F
M,US,2024-11,4.625,A,F
M,US,2024-12,4.375,A,F
M,US,2025-01,4.375,A,F
M,US,2025-02,4.375,A,F
M,US,2025-03,4.375,A,F
M,US,2025-04,4.375,A,F
M,US,2025-05,4.375,A,F
M,US,2025-06,4.375,A,F
M,US,2025-07,4.375,A,F
M,US,2025-08,4.375,A,F
M,US,2025-09,4.125,A,F
M,US,2025-10,3.875,A,F
M,US,2025-11,3.875,A,F
M,US,2025-12,3.625,A,F
M,US,2026-01,3.625,A,F
M,US,2026-02,3.625,A,F
M,US,2026-03,3.625,A,F
M,US,2026-04,3.625,A,F
M,US,2026-05,3.625,A,F
M,US,2026-06,3.625,A,F
M,US,2026-07,3.625,A,F
M,US,2026-08,3.625,A,F
