repo,default,ref,path,claim,source_type,reproduced,failure,transferability
nateemma/fx-strategy-framework,main,bb6a431f05d03fcdd765e2f4af3382f32d6a2ab5,"README.md; strategies/momentum.py; strategies/features/momentum.py; strategies/features/basket.py; forex/backtest/portfolio.py; forex/data/prices.py; tests/test_momentum_strategy.py","63d trailing price-return top-3/bottom-3 basket; weights lag one row; turnover cost and optional financing are distinct","current source + tests",NO,"Repo suite not executed; no market data read","Test lag, quote inversion, coverage and cost path only; not same as fixed single max/min reference-rate screen"
nateemma/fx-strategy-framework,main,b723aa48c3a08bc63d11bbaa2233245a80871233,"docs/intraday-fx-assessment-plan.md","Author records negative 1h cross-sectional rank-IC over 2y/7 majors and rejects intraday continuation","commit diff + author report",NO,"No raw dataset/run artifact in commit; not monthly evidence","Preserve scope and source-reported status; do not use as test of monthly specification"
nateemma/fx-strategy-framework,main,74d3c0f8da65a35b8a95955fbf0606ebaa0d9e5c,"forex/strategies/mloverlay.py; strategies/mloverlay.py; tests/test_mloverlay.py","Removed future-filled HAR warmup bfill; current path uses causal EWMA fallback","commit diff + current source/tests",NO,"No explicit warmup-specific regression test identified; current truncation-causality test is broader","Use prefix-invariance tests; do not infer momentum feature was affected"
nateemma/fx-strategy-framework,main,bb6a431f05d03fcdd765e2f4af3382f32d6a2ab5,"docs/archive/legacy-memory/project_fx_momentum_verdict.md; strategies/carrymom.py; docs/financing-spread-findings.md; forex/run/live.py; scripts/snapshot_nav.py","Monthly basket verdict/script loss, carry-change strategy distinction, FX-only/account and financing reporting history","author-maintained docs + source + commits",AUTHOR_REPORTED,"Temporary script and gitignored forward ledgers unavailable; no statement or performance replication","Do not treat basket, paper NAV, and rate-differential momentum as the fixed CSM hypothesis"
pmorissette/bt,master,4c4ad3621ed9d9b78b73610ae69e49746acd4169,"bt/algos.py; bt/core.py; bt/backtest.py; docs/source/Cost_Models.md; tests/test_algos.py; tests/test_backtest.py","SelectMomentum uses date-window total return with explicit lag; costs have separate transaction and holding paths","current source + tests + docs",NO,"Test suite not executed","Transfer date alignment, finite input, nested-path tests; never copy equity cost defaults"
pmorissette/bt,master,8053f4f696a7054b95df34b17b4a199dff24c1b5,"PR #572; bt/core.py; tests/test_backtest.py","Dynamic strategy fee callback inheritance fixed; current regression covers dynamic and paper path","merged PR + commit/test source",NO,"Upstream PR reports suite success; this session did not rerun it","Test every target construction path, including dynamic/paper copies"
pmorissette/bt,master,497e75eecf5d1adeb4a40e78a612ec239a2c9aa3,"bt/core.py; tests/test_core.py","Long/short holding-cost inputs must have exact universe index alignment","commit diff + regression tests",NO,"Upstream suite not executed here","Use date-index validation for future cost panels"
freqtrade/freqtrade,develop,f6a7b767a31720b2f34059dd7b166b28abef3f09,"freqtrade/optimize/analysis/lookahead.py; docs/lookahead-analysis.md; tests/optimize/test_lookahead_analysis.py","Lookahead diagnostic compares full/cut backtest paths but tests only selected triggered single-pair signal paths","current source + docs + tests",NO,"No Freqtrade CLI or package execution in this task","Treat PASS as scoped detection, not proof of availability or live parity"
freqtrade/freqtrade,develop,5e5137edc134e5e03b508a66b3594f21d80e2c1e,"freqtrade/optimize/analysis/lookahead.py","History changed indicator comparison from last-row-only to full dataframe","historical commit",NO,"Does not close common-value availability or untriggered-signal blind spots","Retain temporal availability tests even with full-row equality"
freqtrade/freqtrade,develop,12507,"freqtrade/strategy/strategy_helper.py; tests/strategy/test_strategy_helpers.py; Issue #12507","Raw merge_asof on open timestamps can expose unfinished HTF values; maintainers recommend availability-shift helper","issue + current helper + regression tests",NO,"User path report; current helper boundary not reproduced by this session","Test close-time alignment and raw-merge negative control"
freqtrade/freqtrade,develop,12894,"Issue #12894","User reports dry-run/backtest divergence despite lookahead pass","issue report + maintainer comments",NO,"Closed for inactivity after reproduction/details requested; unverified","Keep as open failure mode, not confirmed code defect"
QuantConnect/Lean,master,41c6e603e5671ca7b5d3de0cbe13b3c4b109bba4,"Common/Securities/Forex/Forex.cs; Common/Orders/Fees/FxcmFeeModel.cs; Tests/Common/Brokerages/FxcmBrokerageModelTests.cs; Algorithm.CSharp/BasicTemplateForexAlgorithm.cs","Explicit Forex QuoteBar, fee, fill/slippage, conversion and validation models; FXCM schedule in code is historical","current source + tests + file history",NO,"No trading-engine execution; FXCM schedule path last changed 2018 and text dates schedule to 2015","Use broker-specific, fresh fee/fill/financing qualification; no historical model assumptions copied"
