source_id,series_or_resource,officiality_and_provenance,currency_and_unit,frequency_and_history,timestamp_timezone_and_availability,reference_vs_executable,bid_ask_and_spread,carry_and_financing,missing_revision_vintage,license_and_reuse,api_automation,fit_decision
ECB_EXR,D.AUD.EUR.SP00.A,ECB official Data Portal/API; SOURCE_AGENCY code 4F0 resolves to European Central Bank (ECB) in ECB CL_ORGANISATION 1.0.,"AUD per EUR 1; CURRENCY=AUD, CURRENCY_DENOM=EUR; unit label AUD; UNIT_MULT=0.",Daily; bounded Nov 2009 probe returned all 21 expected dates. Full 2009-11 to 2026-09 coverage not tested; history start/continuity UNKNOWN.,Series title complement in the Nov 2009 response says 2:15 pm CET; current 2026 framework says setting around 14:10 CET/publication around 16:00 CET. Historical point-in-time availability and DST/time guarantees UNKNOWN.,ECB reference rate for information; explicitly not intended for market transactions; not an executable quote.,"Not a contemporaneous firm bid/ask feed. Current ECB method can use different input methods; where quote-based, a mid-rate may be used. Historical source inputs UNKNOWN.","No carry, financing, swap, or execution costs in this reference series.",Current API is a latest available view; historical vintage/republication history and exact release times UNKNOWN. Any non-A or missing-status observation must fail closed. Revisions may occur.,"SOURCE_AGENCY=4F0 (ECB); ECB/ESCB policy permits free reuse of publicly released statistics in standard format with citation, no modification of official stats/metadata, and required attribution/disclaimer. Third-party data excluded. Raw response CSV kept byte-exact locally; no raw prices committed.",Official SDMX REST data endpoint; CSV data format. No account authentication. Endpoint and metadata codelists verified.,"QUALIFIED as the minimal no-tick source route for a reference-to-reference study only, subject to full-history check at X and the closed market-outcome gate."
ECB_EXR,D.CAD.EUR.SP00.A,ECB official Data Portal/API; SOURCE_AGENCY code 4F0 resolves to European Central Bank (ECB) in ECB CL_ORGANISATION 1.0.,"CAD per EUR 1; CURRENCY=CAD, CURRENCY_DENOM=EUR; unit label CAD; UNIT_MULT=0.",Daily; bounded Nov 2009 probe returned all 21 expected dates. Full 2009-11 to 2026-09 coverage not tested; history start/continuity UNKNOWN.,Series title complement in the Nov 2009 response says 2:15 pm CET; current 2026 framework says setting around 14:10 CET/publication around 16:00 CET. Historical point-in-time availability and DST/time guarantees UNKNOWN.,ECB reference rate for information; explicitly not intended for market transactions; not an executable quote.,"Not a contemporaneous firm bid/ask feed. Current ECB method can use different input methods; where quote-based, a mid-rate may be used. Historical source inputs UNKNOWN.","No carry, financing, swap, or execution costs in this reference series.",Current API is a latest available view; historical vintage/republication history and exact release times UNKNOWN. Any non-A or missing-status observation must fail closed. Revisions may occur.,"SOURCE_AGENCY=4F0 (ECB); ECB/ESCB policy permits free reuse of publicly released statistics in standard format with citation, no modification of official stats/metadata, and required attribution/disclaimer. Third-party data excluded. Raw response CSV kept byte-exact locally; no raw prices committed.",Official SDMX REST data endpoint; CSV data format. No account authentication. Endpoint and metadata codelists verified.,"QUALIFIED as the minimal no-tick source route for a reference-to-reference study only, subject to full-history check at X and the closed market-outcome gate."
ECB_EXR,D.CHF.EUR.SP00.A,ECB official Data Portal/API; SOURCE_AGENCY code 4F0 resolves to European Central Bank (ECB) in ECB CL_ORGANISATION 1.0.,"CHF per EUR 1; CURRENCY=CHF, CURRENCY_DENOM=EUR; unit label CHF; UNIT_MULT=0.",Daily; bounded Nov 2009 probe returned all 21 expected dates. Full 2009-11 to 2026-09 coverage not tested; history start/continuity UNKNOWN.,Series title complement in the Nov 2009 response says 2:15 pm CET; current 2026 framework says setting around 14:10 CET/publication around 16:00 CET. Historical point-in-time availability and DST/time guarantees UNKNOWN.,ECB reference rate for information; explicitly not intended for market transactions; not an executable quote.,"Not a contemporaneous firm bid/ask feed. Current ECB method can use different input methods; where quote-based, a mid-rate may be used. Historical source inputs UNKNOWN.","No carry, financing, swap, or execution costs in this reference series.",Current API is a latest available view; historical vintage/republication history and exact release times UNKNOWN. Any non-A or missing-status observation must fail closed. Revisions may occur.,"SOURCE_AGENCY=4F0 (ECB); ECB/ESCB policy permits free reuse of publicly released statistics in standard format with citation, no modification of official stats/metadata, and required attribution/disclaimer. Third-party data excluded. Raw response CSV kept byte-exact locally; no raw prices committed.",Official SDMX REST data endpoint; CSV data format. No account authentication. Endpoint and metadata codelists verified.,"QUALIFIED as the minimal no-tick source route for a reference-to-reference study only, subject to full-history check at X and the closed market-outcome gate."
ECB_EXR,D.GBP.EUR.SP00.A,ECB official Data Portal/API; SOURCE_AGENCY code 4F0 resolves to European Central Bank (ECB) in ECB CL_ORGANISATION 1.0.,"GBP per EUR 1; CURRENCY=GBP, CURRENCY_DENOM=EUR; unit label GBP; UNIT_MULT=0.",Daily; bounded Nov 2009 probe returned all 21 expected dates. Full 2009-11 to 2026-09 coverage not tested; history start/continuity UNKNOWN.,Series title complement in the Nov 2009 response says 2:15 pm CET; current 2026 framework says setting around 14:10 CET/publication around 16:00 CET. Historical point-in-time availability and DST/time guarantees UNKNOWN.,ECB reference rate for information; explicitly not intended for market transactions; not an executable quote.,"Not a contemporaneous firm bid/ask feed. Current ECB method can use different input methods; where quote-based, a mid-rate may be used. Historical source inputs UNKNOWN.","No carry, financing, swap, or execution costs in this reference series.",Current API is a latest available view; historical vintage/republication history and exact release times UNKNOWN. Any non-A or missing-status observation must fail closed. Revisions may occur.,"SOURCE_AGENCY=4F0 (ECB); ECB/ESCB policy permits free reuse of publicly released statistics in standard format with citation, no modification of official stats/metadata, and required attribution/disclaimer. Third-party data excluded. Raw response CSV kept byte-exact locally; no raw prices committed.",Official SDMX REST data endpoint; CSV data format. No account authentication. Endpoint and metadata codelists verified.,"QUALIFIED as the minimal no-tick source route for a reference-to-reference study only, subject to full-history check at X and the closed market-outcome gate."
ECB_EXR,D.JPY.EUR.SP00.A,ECB official Data Portal/API; SOURCE_AGENCY code 4F0 resolves to European Central Bank (ECB) in ECB CL_ORGANISATION 1.0.,"JPY per EUR 1; CURRENCY=JPY, CURRENCY_DENOM=EUR; unit label JPY; UNIT_MULT=0.",Daily; bounded Nov 2009 probe returned all 21 expected dates. Full 2009-11 to 2026-09 coverage not tested; history start/continuity UNKNOWN.,Series title complement in the Nov 2009 response says 2:15 pm CET; current 2026 framework says setting around 14:10 CET/publication around 16:00 CET. Historical point-in-time availability and DST/time guarantees UNKNOWN.,ECB reference rate for information; explicitly not intended for market transactions; not an executable quote.,"Not a contemporaneous firm bid/ask feed. Current ECB method can use different input methods; where quote-based, a mid-rate may be used. Historical source inputs UNKNOWN.","No carry, financing, swap, or execution costs in this reference series.",Current API is a latest available view; historical vintage/republication history and exact release times UNKNOWN. Any non-A or missing-status observation must fail closed. Revisions may occur.,"SOURCE_AGENCY=4F0 (ECB); ECB/ESCB policy permits free reuse of publicly released statistics in standard format with citation, no modification of official stats/metadata, and required attribution/disclaimer. Third-party data excluded. Raw response CSV kept byte-exact locally; no raw prices committed.",Official SDMX REST data endpoint; CSV data format. No account authentication. Endpoint and metadata codelists verified.,"QUALIFIED as the minimal no-tick source route for a reference-to-reference study only, subject to full-history check at X and the closed market-outcome gate."
ECB_EXR,D.NZD.EUR.SP00.A,ECB official Data Portal/API; SOURCE_AGENCY code 4F0 resolves to European Central Bank (ECB) in ECB CL_ORGANISATION 1.0.,"NZD per EUR 1; CURRENCY=NZD, CURRENCY_DENOM=EUR; unit label NZD; UNIT_MULT=0.",Daily; bounded Nov 2009 probe returned all 21 expected dates. Full 2009-11 to 2026-09 coverage not tested; history start/continuity UNKNOWN.,Series title complement in the Nov 2009 response says 2:15 pm CET; current 2026 framework says setting around 14:10 CET/publication around 16:00 CET. Historical point-in-time availability and DST/time guarantees UNKNOWN.,ECB reference rate for information; explicitly not intended for market transactions; not an executable quote.,"Not a contemporaneous firm bid/ask feed. Current ECB method can use different input methods; where quote-based, a mid-rate may be used. Historical source inputs UNKNOWN.","No carry, financing, swap, or execution costs in this reference series.",Current API is a latest available view; historical vintage/republication history and exact release times UNKNOWN. Any non-A or missing-status observation must fail closed. Revisions may occur.,"SOURCE_AGENCY=4F0 (ECB); ECB/ESCB policy permits free reuse of publicly released statistics in standard format with citation, no modification of official stats/metadata, and required attribution/disclaimer. Third-party data excluded. Raw response CSV kept byte-exact locally; no raw prices committed.",Official SDMX REST data endpoint; CSV data format. No account authentication. Endpoint and metadata codelists verified.,"QUALIFIED as the minimal no-tick source route for a reference-to-reference study only, subject to full-history check at X and the closed market-outcome gate."
ECB_EXR,D.USD.EUR.SP00.A,ECB official Data Portal/API; SOURCE_AGENCY code 4F0 resolves to European Central Bank (ECB) in ECB CL_ORGANISATION 1.0.,"USD per EUR 1; CURRENCY=USD, CURRENCY_DENOM=EUR; unit label USD; UNIT_MULT=0.",Daily; bounded Nov 2009 probe returned all 21 expected dates. Full 2009-11 to 2026-09 coverage not tested; history start/continuity UNKNOWN.,Series title complement in the Nov 2009 response says 2:15 pm CET; current 2026 framework says setting around 14:10 CET/publication around 16:00 CET. Historical point-in-time availability and DST/time guarantees UNKNOWN.,ECB reference rate for information; explicitly not intended for market transactions; not an executable quote.,"Not a contemporaneous firm bid/ask feed. Current ECB method can use different input methods; where quote-based, a mid-rate may be used. Historical source inputs UNKNOWN.","No carry, financing, swap, or execution costs in this reference series.",Current API is a latest available view; historical vintage/republication history and exact release times UNKNOWN. Any non-A or missing-status observation must fail closed. Revisions may occur.,"SOURCE_AGENCY=4F0 (ECB); ECB/ESCB policy permits free reuse of publicly released statistics in standard format with citation, no modification of official stats/metadata, and required attribution/disclaimer. Third-party data excluded. Raw response CSV kept byte-exact locally; no raw prices committed.",Official SDMX REST data endpoint; CSV data format. No account authentication. Endpoint and metadata codelists verified.,"QUALIFIED as the minimal no-tick source route for a reference-to-reference study only, subject to full-history check at X and the closed market-outcome gate."
BIS_XRU,BIS bilateral exchange-rate statistics,Official BIS Data Portal. Recent daily inputs include ECB/Federal Reserve; older observations can be from Bundesbank/IMF; source lineage varies by series.,Bilateral rates; direction/quote convention varies by series and must be read from its metadata.,Around 80 economies; daily availability for many series and long historical composites; exact target-currency coverage/start dates UNKNOWN until series-level selection.,Source observation times differ; documented source examples include ECB 13:15 GMT and Fed 17:00 GMT. Full historical availability/vintage behavior must be checked per series.,Official reference/market observations; not a single executable feed.,Bid/ask and midpoint treatment vary by underlying source; series-level method UNKNOWN.,No execution carry/financing.,Historical composite source changes possible; revision/vintage policy per series UNKNOWN pending exact series.,BIS legal terms apply; exact reuse of each selected observation and source-origin restrictions UNKNOWN pending series selection.,BIS Data Portal/API available; automation and access conditions must be verified for selected series.,Not chosen: quote-time and source composites add complexity and do not replace the fixed ECB route.
BIS_EER,BIS effective exchange-rate indices,Official BIS Data Portal.,"Trade-weighted effective exchange-rate index, not a bilateral currency pair.",Monthly and daily variants; exact history and observation construction depend on series.,Monthly timing is not a single intraday tradable fixing; detailed availability for any selected series UNKNOWN.,Index/reference indicator; not executable.,Not pair-level bid/ask or spread data.,No execution carry/financing.,Index revisions and vintage behavior need exact-series review.,BIS terms apply; series-level reuse conditions to be checked.,BIS Data Portal/API; selected series automation conditions UNKNOWN.,Not fit for the specified bilateral pair route.
FED_H10,Federal Reserve H.10,Official Federal Reserve release.,USD conversion series include noon buying rates for cable transfers; verify quote direction and units series by series.,"Weekly release with prior-week observations; long history archive exists, exact target cross-pair coverage UNKNOWN.",Noon New York quote convention; archive page says weekly Monday publication at 4:15 pm for prior week; exact publication/revision history for every series UNKNOWN.,Reference/buying rate; not guaranteed executable for a strategy.,Buying rates are not a contemporaneous bid/ask spread feed.,No carry/financing.,Federal Reserve documents some historical series revisions; per-series revision ledger and vintage access UNKNOWN.,Official public release; reuse terms for machine-readable historical snapshots to be checked before capture.,Public release/archive; API automation and stable bulk transport UNKNOWN.,"Not chosen: different time, cadence, and possibly coverage; no provider substitution."
FRED_DEXUSEU,FRED DEXUSEU,Federal Reserve Bank of St. Louis FRED distribution of Federal Reserve H.10 data.,"USD per EUR 1; daily, not seasonally adjusted.",Daily listed series; exact first usable date and uninterrupted coverage not certified in this task.,Underlying H.10 noon New York reference; FRED observation date does not prove same-day availability. Historical vintage/access semantics require API/vintage review.,"Reference rate inherited from H.10, not executable.",No bid/ask/spread feed.,No carry/financing.,Underlying revisions and FRED vintage behavior must be handled; complete revision history not established here.,FRED terms impose source-owner restrictions; API terms/key required. Independent right to republish raw H.10-derived values UNKNOWN.,FRED API requires an API key; no key/account used.,Not chosen: one-pair corroboration candidate only; not an independent quote source and no same-day availability inference.
DUKASCOPY,Dukascopy historical data / JForex,Broker data service and official developer documentation; exact legal source and feed lineage for export UNKNOWN.,Instrument-specific FX quote data; units depend on pair/instrument specification.,Historical tick data documented; earliest complete date and outages instrument-specific UNKNOWN.,Ticks carry UTC timestamps in documentation; exact event/receipt latency for historical files UNKNOWN.,Bid/ask quote ticks; not proof of fills/executable size for a given user/account.,Bid and ask and volume documented; spread can be derived if rights and schema are validated.,Financing/rollover and execution costs are not established by historical quote export; account terms UNKNOWN.,"Vendor corrections, missing ticks, and versioned vintages UNKNOWN.",Site terms prohibit automated scraping absent express consent; whether official export/API route and public redistribution are covered is UNKNOWN.,Documented export/API paths; authorization and automation terms need confirmation; no account used.,"Not chosen: possible executable-style quote source only after explicit licensing, lineage, and coverage qualification."
OANDA,OANDA v20 pricing/candles API,Official OANDA developer documentation; actual price feed/account route depends on account region and entitlement.,Instrument-specific B/A/M candle components; unit by instrument.,Historical candles supported; start/continuity for required instruments UNKNOWN here.,Response timestamps UTC; candle alignment parameters available; same-day public availability UNKNOWN.,Pricing candle is not guaranteed fill/executable price; execution and fills are account-specific.,"Bid, ask, and midpoint components documented; spread depends on instrument/time/account conditions.",Financing/rollover and execution economics are separate/account-specific; not included in candles.,Revision and point-in-time vintage guarantees UNKNOWN.,Public use/republication license UNKNOWN pending account/API terms.,API token and v20 account required; none used.,"Not chosen: potentially viable executable-market-data candidate, but would change the source economics and require authorization."
ZHANG_FACTOR_DATA,Shao-Jun Zhang author data page,Author-hosted research data page; linked workbook not downloaded; provenance/vendor lineage UNKNOWN.,Research factor series; units vary by factor.,"Linked Dec 2020 workbook reportedly includes momentum, TSMOM, carry and dollar factors; sample start/end and missingness not independently checked.",Daily/monthly timing and publication availability UNKNOWN.,Factor portfolios/indicators; not executable pair-level quotes.,Bid/ask/spread not applicable or UNKNOWN by factor.,Carry factor present by description; financing construction UNKNOWN.,Revision/vintage history UNKNOWN.,Reuse/republication license UNKNOWN; no workbook copied.,Author page public; stable automated access and redistribution rights UNKNOWN.,Economic/factor control candidate only; not source for specified currency pair prices.
