source_id,owner,title,url,accessed_on,verified_scope,limits
S01,野村アセットマネジメント,1306商品ページ,https://nextfunds.jp/lineup/1306/,2026-10-02,売買単位・終値・上場日・費用・分配金単位,全履歴のファイル取得と照合は未実施
S02,野村アセットマネジメント,2513商品ページ,https://nextfunds.jp/lineup/2513/,2026-10-02,先進国株式（日本除く）・ヘッジなし・売買単位・終値・上場日・費用,全履歴のファイル取得と照合は未実施
S03,野村アセットマネジメント,2510商品ページ（英語版）,https://nextfunds.jp/en/lineup/2510/,2026-10-02,NOMURA-BPI・売買単位・終値・上場日・費用,国内債券は国債だけではない・日本語版の再取得はタイムアウト
S04,野村アセットマネジメント,2511商品ページ,https://nextfunds.jp/lineup/2511/,2026-10-02,外国国債（日本除く）・ヘッジなし・売買単位・終値・上場日・費用,全履歴のファイル取得と照合は未実施
S05,三菱UFJ信託銀行,1540商品概要,https://kikinzoku.tr.mufg.jp/ja/lineup/gold.html,2026-10-02,売買単位・上場日・信託報酬・総経費率・市場価格とNAVの区別,信託報酬の明記基準日は2026-06-30・ETF以外の商品との同一視不可
S06,野村アセットマネジメント,1306段階料率の水準,https://nextfunds.jp/news/2026/fund_trustfeerate.html,2026-10-02,2026-09-30純資産に対応する税込年率0.0538%,日々の適用料率は純資産の変動で変わる
S07,三菱UFJ信託銀行,金の果実・価格情報,https://kikinzoku.tr.mufg.jp/ja/index.html,2026-10-02,1540の2026-10-02東証終値19820円,同日のNAVと同じ数値ではない・約定価格保証ではない
S08,野村アセットマネジメント,1306受益権分割のお知らせ,https://nextfunds.jp/news/2026/pd_260330a.html,2026-10-02,2026-04-01効力の1対10分割・過去表示値の調整,過去の口数と分配金の単位を別途照合する必要
S09,JPX総研,J-Quants料金・期間,https://jpx-jquants.com/ja,2026-10-02,Freeは12週間遅延の2年・Lightは5年1650円・Standardは10年3300円・Premiumは最長20年16500円（月額税込）,購読・認証・データ取得は未実施・研究用データの利用権確認が別途必要
S10,JPX総研,J-Quants株価四本値仕様,https://jpx-jquants.com/ja/spec/eq-bars-daily,2026-10-02,円建て東証立会内OHLC・無約定日のNull・調整前後の違い,銘柄別実データの収録範囲と欠測率は未確認
S11,JPX総研,J-Quants調整済み株価の計算,https://jpx-jquants.com/ja/spec/eq-bars-daily/adj,2026-10-02,分割等の調整・配当は調整対象外・遡及改訂・過去時点の調整済み値を直接取得不可,調整後終値だけでは分配金込み総収益にならない
S12,三菱UFJ信託銀行,金の果実ヒストリカルデータ案内,https://kikinzoku.tr.mufg.jp/ja/data_report/historicaldata.html,2026-10-02,CSVの列説明に東証終値とNAV・2020年の乖離率定義変更,CSV本文・開始終了日・全件品質は未検査・始値の提供を確認していない
S13,SBI証券,ゼロ革命の適用条件,https://faq.sbisec.co.jp/answer/64f176ea8e582c2aa5655c2a/,2026-10-02,所定インターネットコースと全対象書面の電子交付が条件,利用者の現口座・設定・例外該当性は未確認
S14,SBI証券,ゼロ革命の対象商品,https://faq.sbisec.co.jp/answer/64f19d2a7959221c5a6a57fb/,2026-10-02,対象に国内上場ETFを含む,スプレッド・スリッページ・税・データ費用は無料とはならない
S15,AQR・論文著者,Time Series Momentum（2012）著者側紹介,https://www.aqr.com/Insights/Research/Journal-Article/Time-Series-Momentum,2026-10-02,58先物・フォワードの過去12か月超過収益に基づく研究,著者側要約・今回の5ETFロング/現金ルールの検証ではない
S16,論文著者・AQR,A Century of Evidence on Trend-Following Investing（2017）,https://www.aqr.com/-/media/AQR/Documents/Insights/Journal-Article/AQR-JPM-Fall-2017.pdf,2026-10-02,67市場・1/3/12か月併用・ロング/ショート・ボラティリティ調整・費用推定の限界,今回の12か月単独ETF試案と異なる・一部ロール費用が未計上・著者の運用会社所属を留保
S17,論文著者・Singapore Management University,Time-series momentum：Is it there?（2020）,https://ink.library.smu.edu.sg/lkcsb_research/6521/,2026-10-02,大学リポジトリの書誌と著者要旨・予測性と単純な平均収益戦略との比較に対する反証,本文の再取得はしていない・要旨を超える詳細を主張しない
