execution_date,expected_front_contract_month
2025-01-06,202503
2025-01-07,202503
2025-01-08,202503
2025-01-09,202503
2025-01-10,202503
2025-01-14,202503
2025-01-15,202503
2025-01-16,202503
2025-01-17,202503
2025-01-20,202503
2025-01-21,202503
2025-01-22,202503
2025-01-23,202503
2025-01-24,202503
2025-01-27,202503
2025-01-28,202503
2025-01-29,202503
2025-01-30,202503
2025-01-31,202503
2025-02-03,202503
2025-02-04,202503
2025-02-05,202503
2025-02-06,202503
2025-02-07,202503
2025-02-10,202503
2025-02-12,202503
2025-02-13,202503
2025-02-14,202503
2025-02-17,202503
2025-02-18,202503
2025-02-19,202503
2025-02-20,202503
2025-02-21,202503
2025-02-25,202503
2025-02-26,202503
2025-02-27,202503
2025-02-28,202503
2025-03-03,202503
2025-03-04,202503
2025-03-05,202503
2025-03-06,202503
2025-03-07,202503
2025-03-10,202503
2025-03-11,202503
2025-03-12,202503
2025-03-13,202503
2025-03-14,202506
2025-03-17,202506
2025-03-18,202506
2025-03-19,202506
2025-03-21,202506
2025-03-24,202506
2025-03-25,202506
2025-03-26,202506
2025-03-27,202506
2025-03-28,202506
2025-03-31,202506
2025-04-01,202506
2025-04-02,202506
2025-04-03,202506
2025-04-04,202506
2025-04-07,202506
2025-04-08,202506
2025-04-09,202506
2025-04-10,202506
2025-04-11,202506
2025-04-14,202506
2025-04-15,202506
2025-04-16,202506
2025-04-17,202506
2025-04-18,202506
2025-04-21,202506
2025-04-22,202506
2025-04-23,202506
2025-04-24,202506
2025-04-25,202506
2025-04-28,202506
2025-04-30,202506
2025-05-01,202506
2025-05-02,202506
2025-05-07,202506
2025-05-08,202506
2025-05-09,202506
2025-05-12,202506
2025-05-13,202506
2025-05-14,202506
2025-05-15,202506
2025-05-16,202506
2025-05-19,202506
2025-05-20,202506
2025-05-21,202506
2025-05-22,202506
2025-05-23,202506
2025-05-26,202506
2025-05-27,202506
2025-05-28,202506
2025-05-29,202506
2025-05-30,202506
2025-06-02,202506
2025-06-03,202506
2025-06-04,202506
2025-06-05,202506
2025-06-06,202506
2025-06-09,202506
2025-06-10,202506
2025-06-11,202506
2025-06-12,202506
2025-06-13,202509
2025-06-16,202509
2025-06-17,202509
2025-06-18,202509
2025-06-19,202509
2025-06-20,202509
2025-06-23,202509
2025-06-24,202509
2025-06-25,202509
2025-06-26,202509
2025-06-27,202509
2025-06-30,202509
2025-07-01,202509
2025-07-02,202509
2025-07-03,202509
2025-07-04,202509
2025-07-07,202509
2025-07-08,202509
2025-07-09,202509
2025-07-10,202509
2025-07-11,202509
2025-07-14,202509
2025-07-15,202509
2025-07-16,202509
2025-07-17,202509
2025-07-18,202509
2025-07-22,202509
2025-07-23,202509
2025-07-24,202509
2025-07-25,202509
2025-07-28,202509
2025-07-29,202509
2025-07-30,202509
2025-07-31,202509
2025-08-01,202509
2025-08-04,202509
2025-08-05,202509
2025-08-06,202509
2025-08-07,202509
2025-08-08,202509
2025-08-12,202509
2025-08-13,202509
2025-08-14,202509
2025-08-15,202509
2025-08-18,202509
2025-08-19,202509
2025-08-20,202509
2025-08-21,202509
2025-08-22,202509
2025-08-25,202509
2025-08-26,202509
2025-08-27,202509
2025-08-28,202509
2025-08-29,202509
2025-09-01,202509
2025-09-02,202509
2025-09-03,202509
2025-09-04,202509
2025-09-05,202509
2025-09-08,202509
2025-09-09,202509
2025-09-10,202509
2025-09-11,202509
2025-09-12,202512
2025-09-16,202512
2025-09-17,202512
2025-09-18,202512
2025-09-19,202512
2025-09-22,202512
2025-09-24,202512
2025-09-25,202512
2025-09-26,202512
2025-09-29,202512
2025-09-30,202512
2025-10-01,202512
2025-10-02,202512
2025-10-03,202512
2025-10-06,202512
2025-10-07,202512
2025-10-08,202512
2025-10-09,202512
2025-10-10,202512
2025-10-14,202512
2025-10-15,202512
2025-10-16,202512
2025-10-17,202512
2025-10-20,202512
2025-10-21,202512
2025-10-22,202512
2025-10-23,202512
2025-10-24,202512
2025-10-27,202512
2025-10-28,202512
2025-10-29,202512
2025-10-30,202512
2025-10-31,202512
2025-11-04,202512
2025-11-05,202512
2025-11-06,202512
2025-11-07,202512
2025-11-10,202512
2025-11-11,202512
2025-11-12,202512
2025-11-13,202512
2025-11-14,202512
2025-11-17,202512
2025-11-18,202512
2025-11-19,202512
2025-11-20,202512
2025-11-21,202512
2025-11-25,202512
2025-11-26,202512
2025-11-27,202512
2025-11-28,202512
2025-12-01,202512
2025-12-02,202512
2025-12-03,202512
2025-12-04,202512
2025-12-05,202512
2025-12-08,202512
2025-12-09,202512
2025-12-10,202512
2025-12-11,202512
2025-12-12,202603
2025-12-15,202603
2025-12-16,202603
2025-12-17,202603
2025-12-18,202603
2025-12-19,202603
2025-12-22,202603
2025-12-23,202603
2025-12-24,202603
2025-12-25,202603
2025-12-26,202603
2025-12-29,202603
2025-12-30,202603
