evidence_id,topic,source_and_access,sample_or_universe,signal_or_portfolio,payoff_horizon_and_costs,regime_or_dates,verified_finding,relevance_to_fixed_proposal,limitations_and_unverified_fields
E01,Menkhoff et al. 2012 foundational CS momentum,"BIS primary full text: https://www.bis.org/publications/working-paper-366-currency-momentum-strategies.pdf; §§3-4.1 pp.9-17; §5 pp.29-35; App Tables A.4 pp.75-76 and A.12-A.13 p.84","48 countries total with variable availability; max cross-section below 40; 15-country developed subset","Six equal-count portfolios; High minus Low; f=1,3,6,9,12; separately sorted on lagged excess returns and spot changes","h=1,3,6,9,12; quoted spot/1M forward bid-ask; one-month 1/1 High and Low turnover 74.3% and 72.2% monthly; developed net MOM(1,1) 0.79% annualized, t=0.44","Jan 1976-Jan 2010; developed subset within same sample","Excess return approximately forward log rate minus next spot log rate; spot changes also reported; developed subset results much smaller and largely absent after costs","Closest foundational match for monthly CS sorts and separated spot/excess measures; design differs from 8-currency single extreme pair","Legacy sample/quotes, much broader cross-section, no post-2010 evidence; exact candidate pair not studied; indicative quotes described by authors as wide"
E02,Moskowitz et al. 2012 time-series momentum,"Author/university full text: https://fairmodel.econ.yale.edu/ec439/mosk.pdf; §§2.1-2.4 pp.230-232, §3.2 pp.232-234, §4.1 pp.235-236, §6.3 pp.246-247","58 liquid contracts across asset classes including currency forwards; Jan 1985-Dec 2009 evaluation","Own prior excess-return sign; benchmark 12-month lookback/1-month holding; inverse lagged ex-ante volatility scaling; 60-day center of mass EW daily variance","Futures/forward excess-return payoff; monthly strategies with active vintages averaged for longer holds; spot change plus roll yield decomposition","Main strategy evaluation 1985-2009","TS signal differs from cross-sectional relative ranking; both spot price changes and roll yield contribute to futures TSMOM","Prevents conflating own-pair trend with cross-sectional currency strength and spot-only association","Not an 8-currency CS spot test; no post-2010 results"
E03,Zhang 2022 dissecting currency momentum,"Publisher abstract https://www.sciencedirect.com/science/article/abs/pii/S0304405X21002282; author data page https://sites.google.com/view/zhangshaojun/data; SSRN full-text route attempted, 403","Sample dates and G10/developed split not verified from accessible primary text","Abstract: carry/dollar factor momentum explains CS and TS currency momentum; factor autocorrelation and future factor volatility; little idiosyncratic-return momentum","Factor-return strategy/CS and TS portfolio explanation; exact cost design unavailable","Published 2022; author page says accompanying factor data updated Dec 2020","Publisher abstract reports carry and dollar factor autocorrelation; factor momentum outperforms/explains currency momentum; idiosyncratic returns contain little momentum","Candidate common-factor explanation for USD/carry co-movement","Static regression specifications, residuals, estimation timing, point-in-time availability, dates, universe, costs not verified; no data downloaded"
E04,Iwanaga and Sakemoto 2025 conditional portfolios,"Publisher abstract https://www.sciencedirect.com/science/article/abs/pii/S1057521925000511; SSRN route https://papers.ssrn.com/sol3/papers.cfm?abstract_id=4411616 attempted, full text unavailable","Publisher/author indexed text: ten most liquid currencies from USD investor perspective; exact membership/date coverage unverified","Condition one-month conventional currency momentum portfolio on average forward discount, market volatility, and return dispersion","Abstract reports conditional portfolio; indexed text says daily spot/1M forward, monthly formation and bid-ask costs; numeric net-cost schedule unverified","Paper states conventional momentum no positive average returns after GFC; exact split dates unverified","Conditional strategy long only if average forward discount positive, volatility low, dispersion low; publisher abstract reports +0.69 Sharpe and +6.6% CE/year","Modern mixed/adverse evidence; conditional multi-currency WML portfolio is not one-pair spot evidence","Full text inaccessible; train/evaluation separation, post-GFC exact dates, thresholds, costs not audited"
E05,Hutchinson et al. 2022 replication/reassessment,"Publisher primary page: https://www.sciencedirect.com/science/article/pii/S1057521922002058; PDF route returned 403","Abstract does not state exact universe/date details","Replication of currency carry, momentum, and value predictability","Average OOS Sharpe reported +0.39 to -0.32; exact metrics/cost basis not checked beyond abstract","Abstract frames post-publication and later out-of-sample decline; exact calendar split not verified","Authors report performance disappearance after publication and no autocorrelation in currency excess returns in later period","Direct reassessment family but not exact proposed specification","Abstract only; no G10-only, 8-currency spot-only, or single-pair estimate verified"
E06,Harris et al. 2022 maximally predictable currency portfolios,"Publisher https://www.sciencedirect.com/science/article/pii/S026156062200105X; university full PDF https://research-information.bris.ac.uk/files/339959412/1_s2.0_S026156062200105X_main.pdf returned 403","G10 USD-investor portfolio","Maximally predictable multivariate portfolio vs equal-weight and momentum comparators","Out-of-sample return/Sharpe; costs not audited here","Feb 1994-Dec 2020 OOS window; indexed text says particularly strong after 2008 while simple momentum value declined","Publisher/repository abstract reports MPP outperforming simple momentum and equal-weight comparators OOS","Counterpoint about G10 portfolio predictability; not standard CS momentum or single pair","Full PDF not retrievable in this review; design details/costs from full methods not audited"
E07,Fan et al. 2025 currency basis-momentum,"Wiley full text https://onlinelibrary.wiley.com/doi/full/10.1111/eufm.12555; §2/§4/Table 1/Table 2","48 currencies; quintile, equal-weight WML portfolios; spot, 1M and 2M forward series","Basis momentum derived from difference in momentum across nearby forward contracts; ordinary excess-return momentum included as benchmark","Monthly WML; bid-ask-adjusted analysis in paper; sample table reports monthly excess return; exact comparison to executable venue costs not established","Strategy sample Dec 1986-Oct 2020; post-GFC panel Jan 2011-Oct 2020","Jan 2011-Oct 2020 BM-3 WML 0.62% monthly t=5.36; ordinary 1M momentum WML 0.27% t=1.42; distinct BM strategy remains significant","Post-GFC counterexample for all-FX-momentum-is-gone claim; ordinary basket momentum weak/insignificant; not candidate statistic","WML quintiles and forward-curve signal; window ends before post-2020 normalization; not a single pair"
E08,Zeng 2025 interest-rate volatility risk,"Cambridge publisher abstract https://www.cambridge.org/core/journals/journal-of-financial-and-quantitative-analysis/article/currency-carry-momentum-and-global-interest-rate-volatility/","Exact currency universe/sample not verified from abstract","Risk factor explanation of currency carry and momentum","Risk-compensation interpretation; no exact costs in abstract","Published 2025; exact tested regime window unavailable here","Abstract reports carry and momentum exposure to global interest-rate volatility and substantial cross-sectional return explanation","Potential common risk explanation, not a direct design replication","Abstract only; full sample/method/cost detail unverified"
E09,Liu 2026 FX momentum/reversal,"Publisher https://www.sciencedirect.com/science/article/abs/pii/S0261560626000513; SSRN record https://papers.ssrn.com/sol3/papers.cfm?abstract_id=5321067; full PDF route returned 403","Abstract reports 42 countries","Currency momentum/reversal; six-month holding; double sorts using skewness/kurtosis","Portfolio refinement; exact costs not independently verified","2026 publication; exact date span/regime splits unavailable","Publisher/indexed abstract reports six-month momentum followed by reversal and enhanced double sorts","Recent adjacent result with broad universe and longer hold","G10/post-GFC split, exact sample dates, transaction cost assumptions, timing and single-pair relevance unverified"
E10,Iwanaga and Sakemoto 2024 cross-momentum,"Publisher page https://www.sciencedirect.com/science/article/pii/S0261560624001578; author-hosted paper result available","Equity futures portfolios and currency portfolios","Cross-asset momentum combination","Cross-asset portfolio; costs not audited","Published 2024; exact regime split not verified","Publisher/author material describes cross-sectional cross-momentum strategy across currencies and equity futures","Related asset-class information result only","Not currency-only strength; no single-pair or reference-spot test"
E11,Sakemoto and Suda 2026 order-flow working paper,"SSRN author abstract https://papers.ssrn.com/sol3/papers.cfm?abstract_id=6618279","Currency cross-section; exact dates/universe not checked","Double-sorted cross-sectional momentum and order flow across spot, forward, and swap instruments/maturities","Long-short portfolio conditional on order flow; costs not visible in abstract","Posted Apr 24 2026; revised Sep 7 2026","Abstract reports higher spread when combining short-term swap buying pressure and strong past returns","New conditional WML candidate; no unconditioned spot pair evidence","Working paper, abstract only, no peer review status claim beyond record; sample/cost/full design unchecked"
E12,Della Corte and Riddiough currency-factor data companion,"Author site https://sites.google.com/view/currencyfactors/home","Advertised broad and G10 factors, gross/net excess returns, momentum WML horizons","First-party factor series, not a paper replication","Dataset availability; no values downloaded","Site says series through Jun 2026","Indicates recent first-party factor-data coverage exists","Discovery source for future audit only","No data access/use in this task; excess-return baskets are not reference-spot single-pair result"
