item,status,scope_checked,independent_reproduction,open_gap,next_verification,input_refs_and_identities
1,PASS,"Human acceptance and frozen scientific contract","Frozen SPEC blob 7fe114e2fcfa33b0565b51c717455abd8837d5d9 / SHA-256 a1ba23f0b2c6ff25201779f18779e75f013ba8af84cdf8b531ce650f35a9c6a2 was independently materialized and hash-verified. HYP remains UNTESTED.","Original pre-proposal brief traceability remains a separate lineage gap.","Do not alter frozen science. Preserve acceptance/freeze receipt.","I head 6bd9ddc5bc53c37aee3b0d82d1ac2c00c00fd73c; frozen SPEC identity above"
2,PASS,"Common numeraire, quote orientation, all 56 directed pairs, ties, EUR/USD, baseline","Independent Fraction/Decimal oracle matched D on synthetic cases.","Synthetic mathematics does not establish market efficacy.","Rerun after D/spec changes.","D 3695f0a8ed085669ec3644826889f9fc953a6808; csm.py f57c859dd137bb49f23a23ddf2760681bc3ca14aa23cf82e03e2f35bc5b54535"
3,GAP,"Calendar/source readiness and temporal semantics","Exact C source-lock, probe metadata and expected-calendar bytes passed internal validation. D retained fixed slots and missing handling.","External calendar authority; full-history coverage; actual missing/status distribution; historical publication timing; revision/vintage remain unverified.","Run separately approved source-readiness qualification without market-outcome analysis.","C 9870c710c3cba7bb9226c9eee8ec36687b96fd9d"
4,PASS,"Outcome blindness and event-ledger identity","Independent E mutations of target values/availability left formation ledger bytes invariant; ledger persistence/hash gate remained enforced.","Code/synthetic scope only.","Preserve ledger identity and rerun after D changes.","D 3695f0a8ed085669ec3644826889f9fc953a6808"
5,PASS,"Frozen bootstrap and decision boundaries","Independent oracle reproduced 12-slot circular block bootstrap, 10000 reps, seed 20261001, type-7 interval and frozen decision boundaries.","Synthetic method validation does not prove economic value or regime stability.","No parameter search; rerun only after implementation/runtime change.","Frozen SPEC; D 3695f0a8ed085669ec3644826889f9fc953a6808"
6,PASS,"Gate identity binding, signed E binding, raw source bytes, atomic persistence","E independently verified current CLOSED I is rejected; dynamic immutable I/E identities need no D code-pin update; signed E must bind current D hashes/environment/SPEC/source/calendar; tampered D hash is rejected. E independently re-injected the prior compound fsync+rollback-delete failure and confirmed no SUCCESS run-receipt remains.","This PASS is code/synthetic only and is not production trust provisioning.","Keep D exact hashes fixed; if D changes, repeat E. Production keys remain item 7.","D 3695f0a8ed085669ec3644826889f9fc953a6808; E oracle f75cb2311d1ac1f6c952cd080e8e3f0016033c69 / 5b62f25efdf8937d00204b65e40c0117a13cb111f3f53d5b5d9fd4701ccda0b4"
7,GAP,"Production trust root, OS/filesystem/process isolation, durable output/access ledger, named operator","D/E synthetic controls demonstrate fail-closed code behavior only.","No production key fingerprints/provisioning, protected trust store, OS-level isolation, filesystem allowlist denial probes, durable restart/readback, append-only/tamper-evident attempt ledger, or named operator.","Platform/security/storage/research-operations/Integrator must provide concrete evidence and identities.","No production evidence present in reviewed artifacts"
8,GAP,"Prior observation-exposure disposition","I records prior C/Integrator disclosures; E did not read or reproduce values.","Human disposition remains pending.","Record explicit disposition without reproducing values before I2 reconsideration.","I head 6bd9ddc5bc53c37aee3b0d82d1ac2c00c00fd73c"
9,GAP,"Prior-art/path lineage and original brief","A/B/C provenance was previously reviewed; current D science remains frozen.","B path/base conformance and original pre-proposal brief traceability remain unresolved.","Resolve separately; do not use these lineage gaps to change frozen science post-outcome.","A/B/C refs recorded in history and prior E result"
10,PASS,"Independent re-audit completeness and no-result boundary","Exact D suite independently rerun 56/56; E oracle passed seven checks with no GAP_REPRODUCED line; current I exact hash/state recorded; no market outcomes accessed.","Overall gate remains BLOCKED due items 3,7,8,9 and current I CLOSED.","Address remaining non-D blockers, then integrate and fresh-read all identities.","E workflow 37166456105; job 111330239715"
